FID,MONTH,YEAR,SURVEY_NAM,LATITUTDE,LONGITUDE,PRESENCE_A,H_UNINERVI,SEDIMENT,SURVEY_MET,TIDAL,DEPTH
22682,November,2010,Gladstone,-23.93467,151.35559,Present,Yes,Sand,Helicopter,intertidal,0
21198,November,2010,Gladstone,-23.92979,151.35339,Present,Yes,Sand,Helicopter,subtidal,0.460886002
21199,November,2010,Gladstone,-23.92856,151.35529,Present,Yes,Sand,Helicopter,subtidal,0.722221017
21292,June,2010,Gladstone,-23.92817,151.35502,Present,Yes,Sand,Helicopter,subtidal,0.685805976
21293,June,2010,Gladstone,-23.92703,151.35906,Present,Yes,Sand,Helicopter,subtidal,0.665588975
21291,June,2010,Gladstone,-23.92661,151.35656,Present,Yes,Sand,Helicopter,subtidal,0.508493006
21289,June,2010,Gladstone,-23.92659,151.35437,Present,Yes,Sand,Helicopter,subtidal,0.635653973
21274,November,2010,Gladstone,-23.92621,151.35434,Present,Yes,Sand,Helicopter,subtidal,0.561540008
22682,November,2010,Gladstone,-23.93467,151.35559,Present,Yes,Sand,Helicopter,intertidal,0
21198,November,2010,Gladstone,-23.92979,151.35339,Present,Yes,Sand,Helicopter,subtidal,0.460886002
21199,November,2010,Gladstone,-23.92856,151.35529,Present,Yes,Sand,Helicopter,subtidal,0.722221017
21292,June,2010,Gladstone,-23.92817,151.35502,Present,Yes,Sand,Helicopter,subtidal,0.685805976
21293,June,2010,Gladstone,-23.92703,151.35906,Present,Yes,Sand,Helicopter,subtidal,0.665588975
21291,June,2010,Gladstone,-23.92661,151.35656,Present,Yes,Sand,Helicopter,subtidal,0.508493006
21289,June,2010,Gladstone,-23.92659,151.35437,Present,Yes,Sand,Helicopter,subtidal,0.635653973
21274,November,2010,Gladstone,-23.92621,151.35434,Present,Yes,Sand,Helicopter,subtidal,0.561540008
22682,November,2010,Gladstone,-23.93467,151.35559,Present,Yes,Sand,Helicopter,intertidal,0
21198,November,2010,Gladstone,-23.92979,151.35339,Present,Yes,Sand,Helicopter,subtidal,0.460886002
21199,November,2010,Gladstone,-23.92856,151.35529,Present,Yes,Sand,Helicopter,subtidal,0.722221017
21292,June,2010,Gladstone,-23.92817,151.35502,Present,Yes,Sand,Helicopter,subtidal,0.685805976
21293,June,2010,Gladstone,-23.92703,151.35906,Present,Yes,Sand,Helicopter,subtidal,0.665588975
21291,June,2010,Gladstone,-23.92661,151.35656,Present,Yes,Sand,Helicopter,subtidal,0.508493006
21289,June,2010,Gladstone,-23.92659,151.35437,Present,Yes,Sand,Helicopter,subtidal,0.635653973
21274,November,2010,Gladstone,-23.92621,151.35434,Present,Yes,Sand,Helicopter,subtidal,0.561540008
22682,November,2010,Gladstone,-23.93467,151.35559,Present,Yes,Sand,Helicopter,intertidal,0
21198,November,2010,Gladstone,-23.92979,151.35339,Present,Yes,Sand,Helicopter,subtidal,0.460886002
21199,November,2010,Gladstone,-23.92856,151.35529,Present,Yes,Sand,Helicopter,subtidal,0.722221017
21292,June,2010,Gladstone,-23.92817,151.35502,Present,Yes,Sand,Helicopter,subtidal,0.685805976
21293,June,2010,Gladstone,-23.92703,151.35906,Present,Yes,Sand,Helicopter,subtidal,0.665588975
21291,June,2010,Gladstone,-23.92661,151.35656,Present,Yes,Sand,Helicopter,subtidal,0.508493006
21289,June,2010,Gladstone,-23.92659,151.35437,Present,Yes,Sand,Helicopter,subtidal,0.635653973
21274,November,2010,Gladstone,-23.92621,151.35434,Present,Yes,Sand,Helicopter,subtidal,0.561540008
29800,June,2010,Gladstone,-23.82698,151.3185,Present,Yes,Sand,Boat - Diver,subtidal,2.370369911
29799,June,2010,Gladstone,-23.82642,151.31663,Present,Yes,Sand,Boat - Diver,subtidal,2.290910006
22768,June,2010,Gladstone,-23.82558,151.30908,Present,Yes,Sand,Boat - Diver,subtidal,1.835630059
22767,June,2010,Gladstone,-23.82423,151.30511,Present,Yes,Sand,Boat - Diver,subtidal,2.233279943
22766,June,2010,Gladstone,-23.82414,151.29982,Present,Yes,Sand,Boat - Diver,subtidal,2.060790062
5216,November,2010,Gladstone,-23.82392,151.21563,Present,Yes,Mud,Helicopter,subtidal,1.23190999
14186,November,2010,Gladstone,-23.82179,151.21263,Present,Yes,Mud,Helicopter,subtidal,0.592725992
22131,November,2010,Gladstone,-23.81812,151.29658,Present,Yes,Sand,Boat - Diver,subtidal,1.01406002
8834,November,2010,Gladstone,-23.81488,151.29264,Present,Yes,Sand,Boat - Diver,subtidal,0.553767979
8833,November,2010,Gladstone,-23.81362,151.29189,Present,Yes,Sand,Boat - Diver,subtidal,0.726284027
8832,November,2010,Gladstone,-23.81176,151.29048,Present,Yes,Sand,Boat - Diver,subtidal,0.592055976
9503,June,2010,Gladstone,-23.81091,151.2983,Present,Yes,Mud,Boat - Diver,subtidal,1.672250032
9506,June,2010,Gladstone,-23.81039,151.2943,Present,Yes,Mud,Boat - Diver,subtidal,1.45065999
8922,November,2010,Gladstone,-23.81023,151.29389,Present,Yes,Mud,Boat - Diver,subtidal,1.398699999
9493,June,2010,Gladstone,-23.80924,151.30128,Present,Yes,Sand,Boat - Diver,subtidal,1.934659958
8831,November,2010,Gladstone,-23.80833,151.28922,Present,Yes,Sand,Boat - Diver,subtidal,0.334313989
8923,November,2010,Gladstone,-23.80785,151.29111,Present,Yes,Mud,Boat - Diver,subtidal,1.219149947
8934,November,2010,Gladstone,-23.80774,151.30005,Present,Yes,Mud,Boat - Diver,subtidal,2.641669989
9495,June,2010,Gladstone,-23.80774,151.30008,Present,Yes,Sand,Boat - Diver,subtidal,2.641669989
9507,June,2010,Gladstone,-23.8077,151.29148,Present,Yes,Mud,Boat - Diver,subtidal,1.310660005
9500,June,2010,Gladstone,-23.80356,151.29153,Present,Yes,Mud,Boat - Diver,subtidal,1.33762002
8924,November,2010,Gladstone,-23.80346,151.29152,Present,Yes,Mud,Boat - Diver,subtidal,1.325369954
9508,June,2010,Gladstone,-23.80337,151.2991,Present,Yes,Sand,Boat - Diver,subtidal,1.261919975
8926,November,2010,Gladstone,-23.80322,151.29326,Present,Yes,Mud,Boat - Diver,subtidal,2.046530008
8935,November,2010,Gladstone,-23.80319,151.29923,Present,Yes,Sand,Boat - Diver,subtidal,1.254809976
9497,June,2010,Gladstone,-23.80283,151.29311,Present,Yes,Mud,Boat - Diver,subtidal,2.054480076
8897,November,2010,Gladstone,-23.80253,151.29981,Present,Yes,Sand,Helicopter,subtidal,1.142259955
8936,November,2010,Gladstone,-23.80222,151.29676,Present,Yes,Mud,Boat - Diver,subtidal,1.084139943
8895,November,2010,Gladstone,-23.80156,151.29788,Present,Yes,Sand,Helicopter,subtidal,0.95184201
22118,November,2010,Gladstone,-23.80139,151.3082,Present,Yes,Sand,Helicopter,subtidal,1.292960048
8900,November,2010,Gladstone,-23.80121,151.30556,Present,Yes,Sand,Helicopter,subtidal,1.296589971
9499,June,2010,Gladstone,-23.80118,151.29065,Present,Yes,Mud,Boat - Diver,subtidal,1.779760003
8898,November,2010,Gladstone,-23.80101,151.30171,Present,Yes,Sand,Helicopter,subtidal,1.323050022
22119,November,2010,Gladstone,-23.79956,151.30824,Present,Yes,Sand,Helicopter,subtidal,1.373000026
8941,November,2010,Gladstone,-23.79945,151.30623,Present,Yes,Mud,Boat - Diver,subtidal,1.435629964
8894,November,2010,Gladstone,-23.79928,151.29935,Present,Yes,Sand,Helicopter,subtidal,1.103469968
9514,June,2010,Gladstone,-23.7992,151.30593,Present,Yes,Mud,Boat - Diver,subtidal,1.48635006
22117,November,2010,Gladstone,-23.79726,151.3071,Present,Yes,Sand,Helicopter,subtidal,1.052710056
8893,November,2010,Gladstone,-23.79629,151.30509,Present,Yes,Sand,Helicopter,subtidal,0.782618999
9447,June,2010,Gladstone,-23.79592,151.30536,Present,Yes,Sand,Helicopter,subtidal,0.749451995
22116,November,2010,Gladstone,-23.79523,151.30829,Present,Yes,Sand,Helicopter,subtidal,1.07396996
22115,November,2010,Gladstone,-23.79486,151.3062,Present,Yes,Sand,Helicopter,subtidal,0.72053802
22108,November,2010,Gladstone,-23.79469,151.30268,Present,Yes,Sand,Helicopter,subtidal,0.76770699
22732,June,2010,Gladstone,-23.79303,151.30525,Present,Yes,Mud,Helicopter,subtidal,0.600977004
22110,November,2010,Gladstone,-23.79299,151.30632,Present,Yes,Sand,Helicopter,subtidal,0.564514995
22741,June,2010,Gladstone,-23.79226,151.30776,Present,Yes,Mud,Helicopter,subtidal,0.652218997
22111,November,2010,Gladstone,-23.79172,151.30837,Present,Yes,Sand,Helicopter,subtidal,0.737601995
22733,June,2010,Gladstone,-23.78957,151.30736,Present,Yes,Mud,Helicopter,subtidal,0.531180978
22164,November,2010,Gladstone,-23.78944,151.31101,Present,Yes,Mud,Boat - Diver,subtidal,1.334609985
22787,June,2010,Gladstone,-23.78811,151.31224,Present,Yes,Mud,Boat - Diver,subtidal,1.230129957
22743,June,2010,Gladstone,-23.78736,151.30863,Present,Yes,Mud,Helicopter,subtidal,0.678143024
22163,November,2010,Gladstone,-23.78733,151.31098,Present,Yes,Mud,Boat - Diver,subtidal,1.351539969
22730,June,2010,Gladstone,-23.78547,151.30778,Present,Yes,Mud,Helicopter,subtidal,0.755707979
22788,June,2010,Gladstone,-23.78535,151.31252,Present,Yes,Mud,Boat - Diver,subtidal,1.270920038
22165,November,2010,Gladstone,-23.78511,151.31221,Present,Yes,Mud,Boat - Diver,subtidal,1.50556004
22166,November,2010,Gladstone,-23.78369,151.31528,Present,Yes,Mud,Boat - Diver,subtidal,1.075520039
22789,June,2010,Gladstone,-23.78349,151.31577,Present,Yes,Mud,Boat - Diver,subtidal,1.164029956
26941,June,2010,Gladstone,-23.77825,151.32142,Present,Yes,Mud,Boat - Diver,subtidal,1.75375998
22722,June,2010,Gladstone,-23.7706,151.30108,Present,Yes,Mud,Helicopter,subtidal,0.576516986
27315,June,2010,Gladstone,-23.76766,151.3296,Present,Yes,Sand,Helicopter,intertidal,0
22185,June,2010,Gladstone,-23.76663,151.33165,Present,Yes,Sand,Helicopter,intertidal,0
22181,June,2010,Gladstone,-23.76558,151.33125,Present,Yes,Sand,Helicopter,intertidal,0
24894,June,2010,Gladstone,-23.76257,151.30674,Present,Yes,Mud,Helicopter,intertidal,0
21369,November,2011,Gladstone,-23.92593,151.35762,Present,Yes,Sand,Boat - Diver,subtidal,0.812141001
21363,November,2011,Gladstone,-23.92548,151.35568,Present,Yes,Sand,Helicopter,subtidal,0.44540599
21362,November,2011,Gladstone,-23.92397,151.35456,Present,Yes,Mud,Helicopter,subtidal,0.775858998
21361,November,2011,Gladstone,-23.92069,151.35191,Present,Yes,Mud,Helicopter,subtidal,0.490924001
20974,November,2011,Gladstone,-23.91074,151.34493,Present,Yes,Sand,Boat - Diver,subtidal,2.337939978
20967,November,2011,Gladstone,-23.91009,151.34052,Present,Yes,Sand,Helicopter,subtidal,0.829810023
20899,June,2011,Gladstone,-23.90716,151.33682,Present,Yes,Sand,Helicopter,subtidal,0.590723991
20968,November,2011,Gladstone,-23.90544,151.33608,Present,Yes,Sand,Helicopter,subtidal,1.032899976
20978,November,2011,Gladstone,-23.90304,151.33693,Present,Yes,Mud,Boat - Diver,subtidal,2.148819923
20969,November,2011,Gladstone,-23.9004,151.3336,Present,Yes,Sand,Helicopter,subtidal,0.91020298
20970,November,2011,Gladstone,-23.89507,151.33217,Present,Yes,Mud,Helicopter,subtidal,1.015890002
20971,November,2011,Gladstone,-23.88808,151.33033,Present,Yes,Sand,Helicopter,subtidal,0.708688974
20700,November,2011,Gladstone,-23.88176,151.31557,Present,Yes,Mud,Helicopter,intertidal,0
25898,November,2011,Gladstone,-23.88172,151.32845,Present,Yes,Mud,Helicopter,subtidal,0.647176981
20674,November,2011,Gladstone,-23.87927,151.31979,Present,Yes,Sand,Helicopter,intertidal,0
20675,November,2011,Gladstone,-23.87854,151.31828,Present,Yes,Mud,Helicopter,intertidal,0
25899,November,2011,Gladstone,-23.87651,151.32824,Present,Yes,Sand,Helicopter,subtidal,0.729813993
26771,November,2011,Gladstone,-23.86964,151.32407,Present,Yes,Mud,Helicopter,intertidal,0
26772,November,2011,Gladstone,-23.86846,151.32627,Present,Yes,Sand,Helicopter,intertidal,0
30237,November,2011,Gladstone,-23.86733,151.32384,Present,Yes,Mud,Helicopter,intertidal,0
30238,November,2011,Gladstone,-23.86424,151.32373,Present,Yes,Sand,Helicopter,intertidal,0
29456,November,2011,Gladstone,-23.85703,151.32269,Present,Yes,Sand,Helicopter,subtidal,3.013989925
29462,November,2011,Gladstone,-23.85393,151.31707,Present,Yes,Mud,Helicopter,subtidal,4.631790161
29463,November,2011,Gladstone,-23.85368,151.31664,Present,Yes,Sand,Helicopter,subtidal,4.049870014
29457,November,2011,Gladstone,-23.85311,151.31428,Present,Yes,Mud,Helicopter,subtidal,2.507090092
23309,November,2011,Gladstone,-23.82852,151.34271,Present,Yes,Mud,Helicopter,subtidal,0.681324005
23310,November,2011,Gladstone,-23.82772,151.34449,Present,Yes,Mud,Helicopter,subtidal,0.546213984
23385,November,2011,Gladstone,-23.8255,151.3098,Present,Yes,Mud,Boat - Diver,subtidal,1.762519956
23286,November,2011,Gladstone,-23.82217,151.29619,Present,Yes,Sand,Helicopter,subtidal,1.280789971
23285,November,2011,Gladstone,-23.8206,151.29644,Present,Yes,Mud,Helicopter,subtidal,0.856675982
23284,November,2011,Gladstone,-23.8198,151.29483,Present,Yes,Sand,Helicopter,subtidal,0.943701029
23282,November,2011,Gladstone,-23.81762,151.29422,Present,Yes,Sand,Helicopter,subtidal,0.702067971
23281,November,2011,Gladstone,-23.81558,151.29433,Present,Yes,Mud,Helicopter,subtidal,0.880612016
10080,November,2011,Gladstone,-23.81267,151.29137,Present,Yes,Mud,Helicopter,subtidal,0.570734978
9636,June,2011,Gladstone,-23.81191,151.29058,Present,Yes,Mud,Helicopter,subtidal,0.592055976
9638,June,2011,Gladstone,-23.81184,151.29377,Present,Yes,Mud,Helicopter,subtidal,1.27244997
10055,November,2011,Gladstone,-23.81064,151.29136,Present,Yes,Mud,Helicopter,subtidal,0.608892024
10118,November,2011,Gladstone,-23.81045,151.29865,Present,Yes,Mud,Boat - Diver,subtidal,1.623160005
10098,November,2011,Gladstone,-23.81023,151.29303,Present,Yes,Mud,Helicopter,subtidal,1.26188004
10094,November,2011,Gladstone,-23.80985,151.29481,Present,Yes,Mud,Helicopter,subtidal,1.546329975
9625,June,2011,Gladstone,-23.80929,151.29747,Present,Yes,Mud,Boat - Diver,subtidal,1.695549965
10054,November,2011,Gladstone,-23.80886,151.28995,Present,Yes,Mud,Helicopter,subtidal,0.744729996
10099,November,2011,Gladstone,-23.8078,151.29146,Present,Yes,Mud,Helicopter,subtidal,1.329480052
10121,November,2011,Gladstone,-23.8071,151.29826,Present,Yes,Mud,Boat - Diver,subtidal,2.172029972
10122,November,2011,Gladstone,-23.80576,151.29613,Present,Yes,Mud,Boat - Diver,subtidal,1.717939973
10093,November,2011,Gladstone,-23.80572,151.29364,Present,Yes,Mud,Helicopter,subtidal,1.604750037
10100,November,2011,Gladstone,-23.80555,151.29038,Present,Yes,Mud,Helicopter,subtidal,1.061990023
10101,November,2011,Gladstone,-23.80448,151.29147,Present,Yes,Mud,Helicopter,subtidal,1.325019956
9633,June,2011,Gladstone,-23.80415,151.28897,Present,Yes,Mud,Helicopter,subtidal,0.722073019
10105,November,2011,Gladstone,-23.80391,151.29745,Present,Yes,Mud,Helicopter,subtidal,1.750769973
10112,November,2011,Gladstone,-23.80332,151.29967,Present,Yes,Mud,Helicopter,subtidal,1.400500059
9629,June,2011,Gladstone,-23.80309,151.29103,Present,Yes,Mud,Boat - Diver,subtidal,1.291739941
10092,November,2011,Gladstone,-23.80287,151.29208,Present,Yes,Mud,Helicopter,subtidal,1.521839976
10102,November,2011,Gladstone,-23.80258,151.29011,Present,Yes,Mud,Helicopter,subtidal,1.297109962
10106,November,2011,Gladstone,-23.80244,151.29607,Present,Yes,Mud,Helicopter,subtidal,1.674250007
9645,June,2011,Gladstone,-23.8008,151.29811,Present,Yes,Mud,Helicopter,subtidal,0.924561977
9646,June,2011,Gladstone,-23.79911,151.29921,Present,Yes,Mud,Helicopter,subtidal,1.103469968
10108,November,2011,Gladstone,-23.79874,151.30064,Present,Yes,Mud,Helicopter,subtidal,1.850690007
23372,November,2011,Gladstone,-23.79731,151.31923,Present,Yes,Mud,Boat - Diver,subtidal,1.351510048
9649,June,2011,Gladstone,-23.79671,151.30549,Present,Yes,Mud,Helicopter,subtidal,0.921324015
9650,June,2011,Gladstone,-23.79564,151.30271,Present,Yes,Mud,Helicopter,subtidal,0.815667987
10104,November,2011,Gladstone,-23.79543,151.30525,Present,Yes,Mud,Helicopter,subtidal,0.763251007
22865,June,2011,Gladstone,-23.79512,151.30748,Present,Yes,Mud,Helicopter,subtidal,0.831550002
22866,June,2011,Gladstone,-23.79262,151.30805,Present,Yes,Mud,Helicopter,subtidal,0.736841023
23379,November,2011,Gladstone,-23.78902,151.31436,Present,Yes,Mud,Boat - Diver,subtidal,0.802048981
23350,November,2011,Gladstone,-23.78834,151.30826,Present,Yes,Mud,Helicopter,subtidal,0.620796978
23380,November,2011,Gladstone,-23.78828,151.3121,Present,Yes,Mud,Boat - Diver,subtidal,1.255110025
22886,June,2011,Gladstone,-23.78664,151.31217,Present,Yes,Mud,Boat - Diver,subtidal,1.189520001
23307,November,2011,Gladstone,-23.78426,151.3173,Present,Yes,Mud,Helicopter,subtidal,0.818957984
22885,June,2011,Gladstone,-23.78423,151.31291,Present,Yes,Mud,Boat - Diver,subtidal,1.376909971
23308,November,2011,Gladstone,-23.78268,151.31867,Present,Yes,Mud,Helicopter,subtidal,1.003010035
27047,November,2011,Gladstone,-23.77539,151.32419,Present,Yes,Mud,Helicopter,subtidal,0.760908008
27048,November,2011,Gladstone,-23.7743,151.32459,Present,Yes,Mud,Helicopter,subtidal,0.954671979
2624,June,2011,Gladstone,-23.65269,151.09254,Present,Yes,Mud,Helicopter,intertidal,0
21217,November,2012,Gladstone,-23.93163,151.35469,Present,Yes,Sand,Helicopter,subtidal,0.378771991
21218,November,2012,Gladstone,-23.92995,151.35421,Present,Yes,Sand,Helicopter,subtidal,0.399850011
22662,November,2012,Gladstone,-23.9278,151.35352,Present,Yes,Sand,Helicopter,intertidal,0
21387,November,2012,Gladstone,-23.92767,151.35649,Present,Yes,Sand,Helicopter,subtidal,0.765362024
21389,November,2012,Gladstone,-23.92591,151.35563,Present,Yes,Sand,Helicopter,subtidal,0.667967021
21309,June,2012,Gladstone,-23.92544,151.35449,Present,Yes,Sand,Helicopter,subtidal,0.801057994
22637,November,2012,Gladstone,-23.92493,151.35271,Present,Yes,Sand,Helicopter,intertidal,0
22638,November,2012,Gladstone,-23.92192,151.35081,Present,Yes,Sand,Helicopter,intertidal,0
21378,November,2012,Gladstone,-23.91896,151.35294,Present,Yes,Sand,Helicopter,subtidal,1.274749994
21314,June,2012,Gladstone,-23.91775,151.34933,Present,Yes,Sand,Helicopter,subtidal,0.776865005
21374,November,2012,Gladstone,-23.91759,151.34741,Present,Yes,Sand,Helicopter,subtidal,0.858144999
20985,November,2012,Gladstone,-23.91225,151.344,Present,Yes,Sand,Helicopter,subtidal,1.747990012
20903,June,2012,Gladstone,-23.9117,151.3418,Present,Yes,Sand,Helicopter,subtidal,0.795588017
20909,June,2012,Gladstone,-23.91115,151.34616,Present,Yes,Sand,Boat - Diver,subtidal,2.557630062
20904,June,2012,Gladstone,-23.90944,151.33911,Present,Yes,Sand,Helicopter,subtidal,0.84890902
20986,November,2012,Gladstone,-23.90931,151.34006,Present,Yes,Sand,Helicopter,subtidal,1.482789993
20912,June,2012,Gladstone,-23.90808,151.34317,Present,Yes,Sand,Boat - Diver,subtidal,2.602390051
20987,November,2012,Gladstone,-23.90627,151.3369,Present,Yes,Sand,Helicopter,subtidal,0.973652005
20905,June,2012,Gladstone,-23.90547,151.33603,Present,Yes,Sand,Helicopter,subtidal,0.691843987
20988,November,2012,Gladstone,-23.90296,151.33496,Present,Yes,Sand,Helicopter,subtidal,1.254989982
20996,November,2012,Gladstone,-23.90212,151.3381,Present,Yes,Sand,Boat - Diver,subtidal,2.541759968
20998,November,2012,Gladstone,-23.89665,151.33711,Present,Yes,Mud,Boat - Diver,subtidal,3.498960018
20991,November,2012,Gladstone,-23.89131,151.33158,Present,Yes,Sand,Helicopter,subtidal,1.271980047
20999,November,2012,Gladstone,-23.8907,151.33433,Present,Yes,Mud,Boat - Diver,subtidal,3.56678009
20992,November,2012,Gladstone,-23.88779,151.33042,Present,Yes,Sand,Helicopter,subtidal,1.392850041
23426,November,2012,Gladstone,-23.88255,151.32898,Present,Yes,Sand,Helicopter,subtidal,1.154139996
25886,June,2012,Gladstone,-23.88216,151.32828,Present,Yes,Sand,Helicopter,subtidal,0.603226006
20671,June,2012,Gladstone,-23.88032,151.31946,Present,Yes,Mud,Helicopter,intertidal,0
20629,June,2012,Gladstone,-23.87728,151.31921,Present,Yes,Sand,Helicopter,intertidal,0
25887,June,2012,Gladstone,-23.87684,151.32819,Present,Yes,Sand,Helicopter,subtidal,0.69462198
25900,November,2012,Gladstone,-23.87571,151.32853,Present,Yes,Sand,Helicopter,subtidal,1.06754005
20634,November,2012,Gladstone,-23.87538,151.32063,Present,Yes,Mud,Helicopter,intertidal,0
20595,June,2012,Gladstone,-23.87448,151.31936,Present,Yes,Mud,Helicopter,intertidal,0
25676,November,2012,Gladstone,-23.87267,151.32308,Present,Yes,Mud,Helicopter,subtidal,1.04211998
25677,November,2012,Gladstone,-23.8708,151.32623,Present,Yes,Mud,Helicopter,subtidal,1.149410009
26766,June,2012,Gladstone,-23.87054,151.32387,Present,Yes,Sand,Helicopter,intertidal,0
26774,November,2012,Gladstone,-23.86932,151.32413,Present,Yes,Sand,Helicopter,intertidal,0
30154,November,2012,Gladstone,-23.86887,151.31928,Present,Yes,Not recorded,Helicopter,intertidal,0
30131,November,2012,Gladstone,-23.86798,151.32164,Present,Yes,Not recorded,Helicopter,intertidal,0
25678,November,2012,Gladstone,-23.86787,151.32801,Present,Yes,Mud,Helicopter,subtidal,0.688799024
30176,November,2012,Gladstone,-23.86679,151.32487,Present,Yes,Sand,Helicopter,intertidal,0
30167,June,2012,Gladstone,-23.866,151.32431,Present,Yes,Sand,Helicopter,intertidal,0
30453,November,2012,Gladstone,-23.86585,151.31908,Present,Yes,Not recorded,Helicopter,intertidal,0
30132,November,2012,Gladstone,-23.86556,151.3218,Present,Yes,Not recorded,Helicopter,intertidal,0
30103,June,2012,Gladstone,-23.8649,151.32694,Present,Yes,Sand,Helicopter,intertidal,0
30178,November,2012,Gladstone,-23.86442,151.32402,Present,Yes,Not recorded,Helicopter,intertidal,0
30222,June,2012,Gladstone,-23.86369,151.32246,Present,Yes,Mud,Helicopter,intertidal,0
30177,November,2012,Gladstone,-23.86321,151.3265,Present,Yes,Sand,Helicopter,intertidal,0
30220,June,2012,Gladstone,-23.86258,151.32388,Present,Yes,Mud,Helicopter,intertidal,0
30243,November,2012,Gladstone,-23.86155,151.3247,Present,Yes,Sand,Helicopter,intertidal,0
29414,June,2012,Gladstone,-23.8605,151.32666,Present,Yes,Sand,Helicopter,subtidal,2.305569887
30244,November,2012,Gladstone,-23.85926,151.32166,Present,Yes,Mud,Helicopter,intertidal,0
29413,June,2012,Gladstone,-23.8583,151.32414,Present,Yes,Mud,Helicopter,subtidal,3.69746995
29471,November,2012,Gladstone,-23.85785,151.32384,Present,Yes,Sand,Helicopter,subtidal,4.205689907
29412,June,2012,Gladstone,-23.8569,151.32188,Present,Yes,Not recorded,Helicopter,subtidal,2.716589928
30218,June,2012,Gladstone,-23.85684,151.31711,Present,Yes,Mud,Helicopter,intertidal,0
29411,June,2012,Gladstone,-23.85673,151.32168,Present,Yes,Not recorded,Helicopter,subtidal,2.716589928
29478,November,2012,Gladstone,-23.85424,151.31772,Present,Yes,Mud,Helicopter,subtidal,3.735820055
29419,June,2012,Gladstone,-23.85408,151.31713,Present,Yes,Mud,Helicopter,subtidal,2.95855999
29418,June,2012,Gladstone,-23.85391,151.31684,Present,Yes,Mud,Helicopter,subtidal,4.049870014
29479,November,2012,Gladstone,-23.85389,151.31705,Present,Yes,Mud,Helicopter,subtidal,4.631790161
29701,November,2012,Gladstone,-23.85374,151.3149,Present,Yes,Mud,Helicopter,intertidal,0
29417,June,2012,Gladstone,-23.85363,151.31634,Present,Yes,Mud,Helicopter,subtidal,4.695280075
29480,November,2012,Gladstone,-23.85348,151.31628,Present,Yes,Mud,Helicopter,subtidal,4.695280075
29481,November,2012,Gladstone,-23.85319,151.31547,Present,Yes,Mud,Helicopter,subtidal,4.711209774
29482,November,2012,Gladstone,-23.85309,151.31467,Present,Yes,Mud,Helicopter,subtidal,3.046869993
23436,November,2012,Gladstone,-23.84313,151.34318,Present,Yes,Mud,Boat - Diver,subtidal,3.853650093
23474,November,2012,Gladstone,-23.82032,151.2966,Present,Yes,Mud,Helicopter,subtidal,0.943790019
23473,November,2012,Gladstone,-23.81932,151.29348,Present,Yes,Sand,Helicopter,subtidal,0.839259982
22913,June,2012,Gladstone,-23.81914,151.2972,Present,Yes,Sand,Helicopter,subtidal,1.301450014
22915,June,2012,Gladstone,-23.81717,151.2944,Present,Yes,Mud,Helicopter,subtidal,0.785682976
23477,November,2012,Gladstone,-23.81677,151.29411,Present,Yes,Sand,Helicopter,subtidal,0.821946025
9685,June,2012,Gladstone,-23.81422,151.29613,Present,Yes,Mud,Helicopter,subtidal,1.295289993
10183,November,2012,Gladstone,-23.81419,151.29307,Present,Yes,Mud,Helicopter,subtidal,0.644861996
9686,June,2012,Gladstone,-23.81338,151.29218,Present,Yes,Mud,Helicopter,subtidal,0.710440993
9684,June,2012,Gladstone,-23.812,151.29741,Present,Yes,Mud,Helicopter,subtidal,1.51493001
10185,November,2012,Gladstone,-23.81078,151.2934,Present,Yes,Mud,Helicopter,subtidal,1.26414001
9691,June,2012,Gladstone,-23.8105,151.29003,Present,Yes,Mud,Helicopter,subtidal,0.718300998
9687,June,2012,Gladstone,-23.81034,151.29321,Present,Yes,Mud,Helicopter,subtidal,1.295300007
10186,November,2012,Gladstone,-23.8098,151.29032,Present,Yes,Mud,Helicopter,subtidal,0.809202015
10267,November,2012,Gladstone,-23.80897,151.2971,Present,Yes,Sand,"Boat - Diver, Grab",subtidal,1.678789973
9692,June,2012,Gladstone,-23.80849,151.28901,Present,Yes,Mud,Helicopter,subtidal,0.439004004
9688,June,2012,Gladstone,-23.80841,151.29339,Present,Yes,Mud,Helicopter,subtidal,1.290549994
10187,November,2012,Gladstone,-23.80799,151.29301,Present,Yes,Mud,Helicopter,subtidal,1.654549956
9690,June,2012,Gladstone,-23.80721,151.29113,Present,Yes,Mud,Helicopter,subtidal,1.228700042
10196,November,2012,Gladstone,-23.80702,151.27731,Present,Yes,Mud,Helicopter,subtidal,1.438040018
10192,November,2012,Gladstone,-23.80675,151.29085,Present,Yes,Mud,Helicopter,subtidal,1.175660014
9795,June,2012,Gladstone,-23.80552,151.29462,Present,Yes,Mud,Boat - Diver,subtidal,1.807170033
10188,November,2012,Gladstone,-23.80473,151.29208,Present,Yes,Mud,Helicopter,subtidal,1.398440003
12374,June,2012,Gladstone,-23.80467,151.28894,Present,Yes,Mud,Helicopter,intertidal,0
9689,June,2012,Gladstone,-23.80457,151.29206,Present,Yes,Mud,Helicopter,subtidal,1.398440003
10193,November,2012,Gladstone,-23.80414,151.28941,Present,Yes,Mud,Helicopter,subtidal,0.780698001
10226,November,2012,Gladstone,-23.80309,151.30085,Present,Yes,Mud,Helicopter,subtidal,1.10631001
9693,June,2012,Gladstone,-23.8019,151.2899,Present,Yes,Mud,Helicopter,subtidal,1.344789982
10189,November,2012,Gladstone,-23.80189,151.29121,Present,Yes,Mud,Helicopter,subtidal,1.641669989
10227,November,2012,Gladstone,-23.80176,151.30502,Present,Yes,Mud,Helicopter,subtidal,1.375130057
10228,November,2012,Gladstone,-23.80171,151.29662,Present,Yes,Mud,Helicopter,subtidal,1.157109976
22996,June,2012,Gladstone,-23.80082,151.30797,Present,Yes,Sand,Helicopter,subtidal,1.523890018
9791,June,2012,Gladstone,-23.80054,151.30087,Present,Yes,Sand,Helicopter,subtidal,0.821968019
10231,November,2012,Gladstone,-23.7997,151.30521,Present,Yes,Mud,Helicopter,subtidal,0.828248024
10229,November,2012,Gladstone,-23.79921,151.29826,Present,Yes,Mud,Helicopter,subtidal,1.372750044
22994,June,2012,Gladstone,-23.79679,151.30783,Present,Yes,Mud,Helicopter,subtidal,1.122410059
10233,November,2012,Gladstone,-23.79623,151.30337,Present,Yes,Sand,Helicopter,subtidal,0.924048007
23523,November,2012,Gladstone,-23.79517,151.30794,Present,Yes,Mud,Helicopter,subtidal,0.967553973
22919,June,2012,Gladstone,-23.79494,151.28925,Present,Yes,Mud,Helicopter,subtidal,0.955680013
25328,November,2012,Gladstone,-23.79222,151.32317,Present,Yes,Mud,Helicopter,intertidal,0
23528,November,2012,Gladstone,-23.78756,151.31499,Present,Yes,Mud,Helicopter,subtidal,0.734982014
23025,June,2012,Gladstone,-23.78629,151.31655,Present,Yes,Mud,Boat - Diver,subtidal,1.08743
23529,November,2012,Gladstone,-23.78612,151.31384,Present,Yes,Mud,Helicopter,subtidal,0.788630009
23519,November,2012,Gladstone,-23.78152,151.31759,Present,Yes,Mud,Helicopter,subtidal,0.959381998
27096,November,2012,Gladstone,-23.77519,151.32409,Present,Yes,Mud,Helicopter,subtidal,0.791364014
16966,November,2012,Gladstone,-23.70863,151.13599,Present,Yes,Mud,Helicopter,intertidal,0
1705,November,2012,Gladstone,-23.68166,151.12581,Present,Yes,Mud,Helicopter,subtidal,1.171569943
3289,December,2013,Gladstone,-24.07074,151.64631,Present,Yes,Mud,Boat - Diver,subtidal,0.709836006
19207,November,2013,Gladstone,-24.03636,151.58418,Present,Yes,Sand,Boat - Diver,subtidal,1.955729961
19208,November,2013,Gladstone,-24.03558,151.58403,Present,Yes,Mud,Boat - Diver,subtidal,2.241300106
19216,November,2013,Gladstone,-24.03544,151.57881,Present,Yes,Mud,Boat - Diver,subtidal,2.163800001
19226,November,2013,Gladstone,-24.03462,151.57061,Present,Yes,Mud,Boat - Diver,subtidal,2.285880089
19209,November,2013,Gladstone,-24.03452,151.58407,Present,Yes,Sand,Boat - Diver,subtidal,2.538789988
19217,November,2013,Gladstone,-24.03435,151.57857,Present,Yes,Mud,Boat - Diver,subtidal,2.273299932
19210,November,2013,Gladstone,-24.03334,151.58407,Present,Yes,Sand,Boat - Diver,subtidal,2.67343998
19212,November,2013,Gladstone,-24.03075,151.584,Present,Yes,Mud,Boat - Diver,subtidal,2.725399971
19193,November,2013,Gladstone,-24.03033,151.59378,Present,Yes,Sand,Boat - Diver,subtidal,1.844689965
19240,November,2013,Gladstone,-24.02745,151.55804,Present,Yes,Sand,Boat - Diver,subtidal,0.780515015
19237,November,2013,Gladstone,-24.02642,151.55489,Present,Yes,Sand,Boat - Diver,subtidal,1.915380001
19235,November,2013,Gladstone,-24.02516,151.55574,Present,Yes,Sand,Boat - Diver,subtidal,2.451539993
19302,November,2013,Gladstone,-24.0218,151.53274,Present,Yes,Sand,Boat - Diver,subtidal,2.766309977
19284,November,2013,Gladstone,-24.02085,151.53956,Present,Yes,Sand,Boat - Diver,subtidal,2.687299967
19288,November,2013,Gladstone,-24.02004,151.54194,Present,Yes,Sand,Boat - Diver,subtidal,2.353080034
19349,December,2013,Gladstone,-24.01946,151.6214,Present,Yes,Mud,Helicopter,subtidal,0.804967999
19286,November,2013,Gladstone,-24.01939,151.54328,Present,Yes,Sand,Boat - Diver,subtidal,2.063369989
19308,November,2013,Gladstone,-24.01931,151.51664,Present,Yes,Sand,Boat - Diver,subtidal,1.075270057
19307,November,2013,Gladstone,-24.01911,151.51667,Present,Yes,Sand,Boat - Diver,subtidal,2.199749947
19346,December,2013,Gladstone,-24.01905,151.61983,Present,Yes,Sand,Boat - Diver,subtidal,1.125890017
19289,November,2013,Gladstone,-24.01855,151.54525,Present,Yes,Sand,Boat - Diver,subtidal,1.636669993
19291,November,2013,Gladstone,-24.01644,151.54636,Present,Yes,Sand,Boat - Diver,subtidal,1.988649964
18911,November,2013,Gladstone,-24.01524,151.51889,Present,Yes,Sand,Boat - Diver,subtidal,3.63737011
19344,December,2013,Gladstone,-24.01522,151.61433,Present,Yes,Mud,Boat - Diver,subtidal,2.032390118
19352,December,2013,Gladstone,-24.01465,151.61867,Present,Yes,Mud,Helicopter,subtidal,1.481660008
19293,November,2013,Gladstone,-24.0138,151.54796,Present,Yes,Sand,Boat - Diver,subtidal,2.30343008
18840,December,2013,Gladstone,-24.01354,151.62057,Present,Yes,Mud,Helicopter,subtidal,0.569944024
18912,November,2013,Gladstone,-24.01311,151.52013,Present,Yes,Sand,Boat - Diver,subtidal,3.952630043
18837,December,2013,Gladstone,-24.01265,151.61561,Present,Yes,Mud,Boat - Diver,subtidal,1.652529955
18843,December,2013,Gladstone,-24.01087,151.61693,Present,Yes,Mud,Helicopter,subtidal,0.853137016
18905,November,2013,Gladstone,-24.01041,151.50252,Present,Yes,Sand,Boat - Diver,subtidal,3.023469925
18898,November,2013,Gladstone,-24.00956,151.50596,Present,Yes,Sand,Boat - Diver,subtidal,3.618279934
20293,November,2013,Gladstone,-24.00889,151.5016,Present,Yes,Sand,Boat - Diver,subtidal,3.403929949
20294,November,2013,Gladstone,-24.00733,151.50032,Present,Yes,Sand,Boat - Diver,subtidal,3.570780039
18908,November,2013,Gladstone,-24.00622,151.50406,Present,Yes,Sand,Boat - Diver,subtidal,3.99545002
18906,November,2013,Gladstone,-24.00534,151.50185,Present,Yes,Sand,Boat - Diver,subtidal,3.935029984
18909,November,2013,Gladstone,-24.00474,151.50619,Present,Yes,Sand,Boat - Diver,subtidal,4.173930168
20290,November,2013,Gladstone,-23.99878,151.4897,Present,Yes,Mud,Boat - Diver,subtidal,3.859519959
20298,November,2013,Gladstone,-23.99779,151.4815,Present,Yes,Sand,Boat - Diver,subtidal,3.543339968
20297,November,2013,Gladstone,-23.99704,151.47959,Present,Yes,Sand,Boat - Diver,subtidal,3.554529905
20187,November,2013,Gladstone,-23.99375,151.48363,Present,Yes,Sand,Boat - Diver,subtidal,4.400680065
24022,November,2013,Gladstone,-23.98143,151.42483,Present,Yes,Sand,Boat - Diver,subtidal,1.141899943
24023,November,2013,Gladstone,-23.9761,151.4201,Present,Yes,Sand,Boat - Diver,subtidal,1.780859947
24035,November,2013,Gladstone,-23.97229,151.41682,Present,Yes,Mud,Boat - Diver,subtidal,1.908149958
24029,November,2013,Gladstone,-23.96469,151.42564,Present,Yes,Mud,Boat - Diver,subtidal,2.45855999
24030,November,2013,Gladstone,-23.96342,151.42742,Present,Yes,Mud,Boat - Diver,subtidal,2.303220034
20184,November,2013,Gladstone,-23.9609,151.39744,Present,Yes,Sand,Boat - Diver,subtidal,2.569979906
20185,November,2013,Gladstone,-23.95954,151.3983,Present,Yes,Sand,Boat - Diver,subtidal,2.913889885
20179,November,2013,Gladstone,-23.95787,151.39077,Present,Yes,Sand,Boat - Diver,subtidal,2.887120008
20186,November,2013,Gladstone,-23.95739,151.39991,Present,Yes,Sand,Boat - Diver,subtidal,3.107259989
20173,November,2013,Gladstone,-23.9472,151.38051,Present,Yes,Sand,Boat - Diver,subtidal,3.226710081
20174,November,2013,Gladstone,-23.94644,151.3819,Present,Yes,Sand,"Boat - Diver, Grab",subtidal,4.795179844
21221,November,2013,Gladstone,-23.9311,151.35468,Present,Yes,Sand,Helicopter,subtidal,0.409862012
21402,November,2013,Gladstone,-23.92729,151.35755,Present,Yes,Sand,Helicopter,subtidal,0.477432013
22641,November,2013,Gladstone,-23.92248,151.35035,Present,Yes,Sand,Helicopter,intertidal,0
21393,November,2013,Gladstone,-23.91534,151.35142,Present,Yes,Sand,Boat - Diver,subtidal,2.360169888
21019,November,2013,Gladstone,-23.91361,151.34812,Present,Yes,Sand,Boat - Diver,subtidal,1.562109947
21025,November,2013,Gladstone,-23.91164,151.34201,Present,Yes,Sand,Helicopter,subtidal,0.795588017
20921,June,2013,Gladstone,-23.91161,151.34268,Present,Yes,Sand,Helicopter,subtidal,0.846129
21013,November,2013,Gladstone,-23.91089,151.34225,Present,Yes,Sand,Boat - Diver,subtidal,1.260200024
20922,June,2013,Gladstone,-23.91,151.34071,Present,Yes,Sand,Helicopter,subtidal,1.21965003
21015,November,2013,Gladstone,-23.90962,151.34434,Present,Yes,Sand,Boat - Diver,subtidal,2.387490034
20923,July,2013,Gladstone,-23.90779,151.33807,Present,Yes,Sand,Helicopter,subtidal,0.913205981
21026,November,2013,Gladstone,-23.90736,151.33731,Present,Yes,Sand,Helicopter,subtidal,0.735126019
20924,July,2013,Gladstone,-23.90497,151.33589,Present,Yes,Sand,Helicopter,subtidal,0.864239991
21010,November,2013,Gladstone,-23.90383,151.33588,Present,Yes,Sand,Boat - Diver,subtidal,2.01838994
21027,November,2013,Gladstone,-23.90176,151.34084,Present,Yes,Mud,Boat - Diver,subtidal,2.523839951
20926,July,2013,Gladstone,-23.90009,151.33362,Present,Yes,Sand,Helicopter,subtidal,0.998479009
20927,July,2013,Gladstone,-23.89856,151.3331,Present,Yes,Sand,Helicopter,subtidal,1.281020045
21005,November,2013,Gladstone,-23.89733,151.33361,Present,Yes,Sand,Boat - Diver,subtidal,2.253319979
21007,November,2013,Gladstone,-23.89652,151.33603,Present,Yes,Sand,Boat - Diver,subtidal,3.076790094
20928,July,2013,Gladstone,-23.89637,151.33261,Present,Yes,Sand,Helicopter,subtidal,0.924266994
20935,June,2013,Gladstone,-23.89514,151.33451,Present,Yes,Sand,Boat - Diver,subtidal,2.693969965
21002,November,2013,Gladstone,-23.8899,151.33108,Present,Yes,Sand,Boat - Diver,subtidal,1.055590034
25892,June,2013,Gladstone,-23.88144,151.32719,Present,Yes,Sand,Helicopter,subtidal,0.588414013
23566,November,2013,Gladstone,-23.88044,151.32816,Present,Yes,Sand,Helicopter,subtidal,0.649673998
23162,July,2013,Gladstone,-23.87916,151.32834,Present,Yes,Sand,Helicopter,subtidal,0.96648699
25903,November,2013,Gladstone,-23.87725,151.32792,Present,Yes,Sand,Helicopter,subtidal,0.633221984
23163,July,2013,Gladstone,-23.87719,151.32832,Present,Yes,Sand,Helicopter,subtidal,1.032359958
25889,July,2013,Gladstone,-23.87473,151.32848,Present,Yes,Sand,Helicopter,subtidal,0.781488001
25901,November,2013,Gladstone,-23.87471,151.3278,Present,Yes,Mud,Boat - Diver,subtidal,0.630074978
25902,November,2013,Gladstone,-23.87448,151.3289,Present,Yes,Mud,Boat - Diver,subtidal,1.225029945
26713,June,2013,Gladstone,-23.87092,151.32522,Present,Yes,Sand,Helicopter,intertidal,0
26768,July,2013,Gladstone,-23.86991,151.32308,Present,Yes,Sand,Helicopter,intertidal,0
25679,November,2013,Gladstone,-23.86974,151.3274,Present,Yes,Sand,Helicopter,subtidal,1.053629994
26776,November,2013,Gladstone,-23.86926,151.32348,Present,Yes,Sand,Helicopter,intertidal,0
26730,November,2013,Gladstone,-23.86869,151.32152,Present,Yes,Mud,Helicopter,intertidal,0
30168,June,2013,Gladstone,-23.86761,151.32641,Present,Yes,Sand,Helicopter,intertidal,0
30180,November,2013,Gladstone,-23.86657,151.32415,Present,Yes,Sand,Helicopter,intertidal,0
30134,November,2013,Gladstone,-23.86593,151.32112,Present,Yes,Sand,Helicopter,intertidal,0
30169,July,2013,Gladstone,-23.86591,151.32462,Present,Yes,Sand,Helicopter,intertidal,0
30106,November,2013,Gladstone,-23.86445,151.32619,Present,Yes,Sand,Helicopter,intertidal,0
30228,July,2013,Gladstone,-23.86368,151.32378,Present,Yes,Sand,Helicopter,intertidal,0
30135,November,2013,Gladstone,-23.86324,151.322,Present,Yes,Mud,Helicopter,intertidal,0
29425,July,2013,Gladstone,-23.85924,151.32553,Present,Yes,Sand,Helicopter,subtidal,4.367809772
29790,November,2013,Gladstone,-23.85835,151.32322,Present,Yes,Sand,Helicopter,intertidal,0
30226,July,2013,Gladstone,-23.85787,151.31976,Present,Yes,Mud,Helicopter,intertidal,0
29779,November,2013,Gladstone,-23.85723,151.32122,Present,Yes,Sand,Helicopter,intertidal,0
29777,June,2013,Gladstone,-23.85712,151.32095,Present,Yes,Mud,Helicopter,intertidal,0
29426,July,2013,Gladstone,-23.85691,151.32242,Present,Yes,Sand,Helicopter,subtidal,3.944289923
29491,November,2013,Gladstone,-23.85446,151.31763,Present,Yes,Mud,Helicopter,subtidal,0
29490,November,2013,Gladstone,-23.85414,151.31697,Present,Yes,Mud,Helicopter,subtidal,2.95855999
29489,November,2013,Gladstone,-23.85369,151.3163,Present,Yes,Mud,Helicopter,subtidal,3.427010059
23661,November,2013,Gladstone,-23.82074,151.29785,Present,Yes,Sand,Helicopter,subtidal,1.304419994
23567,November,2013,Gladstone,-23.82011,151.2947,Present,Yes,Mud,Helicopter,subtidal,1.000370026
23614,November,2013,Gladstone,-23.81764,151.29923,Present,Yes,Sand,Boat - Diver,subtidal,1.463889956
23568,November,2013,Gladstone,-23.81613,151.29444,Present,Yes,Mud,Helicopter,subtidal,0.920377016
10397,November,2013,Gladstone,-23.8149,151.29246,Present,Yes,Sand,Helicopter,subtidal,0.460821986
10398,November,2013,Gladstone,-23.8131,151.29144,Present,Yes,Sand,Helicopter,subtidal,0.594278991
10305,November,2013,Gladstone,-23.81271,151.29332,Present,Yes,Mud,Helicopter,subtidal,0.987255991
10399,November,2013,Gladstone,-23.81124,151.29038,Present,Yes,Sand,Helicopter,subtidal,0.695595026
10380,November,2013,Gladstone,-23.81099,151.29418,Present,Yes,Sand,Helicopter,subtidal,1.390059948
9867,June,2013,Gladstone,-23.81045,151.29004,Present,Yes,Mud,Helicopter,subtidal,0.718300998
10306,November,2013,Gladstone,-23.80982,151.29146,Present,Yes,Mud,Helicopter,subtidal,0.959372997
10400,November,2013,Gladstone,-23.80927,151.28897,Present,Yes,Mud,Helicopter,subtidal,0.570372999
10381,November,2013,Gladstone,-23.80789,151.292,Present,Yes,Mud,Helicopter,subtidal,1.524359941
10307,November,2013,Gladstone,-23.80652,151.29005,Present,Yes,Mud,Helicopter,subtidal,0.958472013
10382,November,2013,Gladstone,-23.80459,151.2909,Present,Yes,Mud,Helicopter,subtidal,1.245470047
10391,November,2013,Gladstone,-23.80314,151.3,Present,Yes,Sand,Helicopter,subtidal,1.349449992
10392,November,2013,Gladstone,-23.80214,151.30279,Present,Yes,Sand,Helicopter,subtidal,1.466030002
10393,November,2013,Gladstone,-23.80173,151.30682,Present,Yes,Sand,Helicopter,subtidal,1.395110011
10396,November,2013,Gladstone,-23.80154,151.29704,Present,Yes,Mud,Helicopter,subtidal,1.077379942
10309,November,2013,Gladstone,-23.79999,151.30293,Present,Yes,Mud,Helicopter,subtidal,0.883934021
23665,November,2013,Gladstone,-23.79792,151.30871,Present,Yes,Sand,Helicopter,subtidal,1.331140041
27130,November,2013,Gladstone,-23.796,151.32498,Present,Yes,Mud,Helicopter,subtidal,1.210270047
23570,November,2013,Gladstone,-23.79583,151.30742,Present,Yes,Mud,Helicopter,subtidal,0.97231102
23571,November,2013,Gladstone,-23.79158,151.30775,Present,Yes,Mud,Helicopter,subtidal,0.621811986
23672,November,2013,Gladstone,-23.79064,151.30386,Present,Yes,Mud,Helicopter,subtidal,1.555930018
23667,November,2013,Gladstone,-23.79022,151.30937,Present,Yes,Mud,Helicopter,subtidal,1.083699942
23671,November,2013,Gladstone,-23.78722,151.30506,Present,Yes,Mud,Helicopter,subtidal,2.182529926
23572,November,2013,Gladstone,-23.78668,151.31291,Present,Yes,Mud,Helicopter,subtidal,0.933987021
23668,November,2013,Gladstone,-23.78665,151.3102,Present,Yes,Mud,Helicopter,subtidal,0.987379014
23669,November,2013,Gladstone,-23.78464,151.30969,Present,Yes,Sand,Helicopter,subtidal,2.262959957
23678,November,2013,Gladstone,-23.78449,151.31358,Present,Yes,Mud,Helicopter,subtidal,1.139809966
23573,November,2013,Gladstone,-23.78416,151.31642,Present,Yes,Mud,Helicopter,subtidal,1.147819996
23680,November,2013,Gladstone,-23.78164,151.31725,Present,Yes,Mud,Helicopter,subtidal,1.264350057
23713,November,2013,Gladstone,-23.78073,151.31231,Present,Yes,Sand,Boat - Diver,subtidal,2.590349913
23681,November,2013,Gladstone,-23.78047,151.31966,Present,Yes,Mud,Helicopter,subtidal,1.212170005
23712,November,2013,Gladstone,-23.7778,151.31148,Present,Yes,Mud,Boat - Diver,subtidal,2.793329954
23645,November,2013,Gladstone,-23.77518,151.29804,Present,Yes,Mud,Helicopter,subtidal,0.787633002
23710,November,2013,Gladstone,-23.7743,151.31322,Present,Yes,Mud,Boat - Diver,subtidal,1.616680026
23656,November,2013,Gladstone,-23.77403,151.31855,Present,Yes,Sand,Helicopter,subtidal,0.631847978
19370,November,2014,Gladstone,-24.03958,151.55146,Present,Yes,Sand,Helicopter,subtidal,0.342878014
19404,November,2014,Gladstone,-24.0384,151.59347,Present,Yes,Not recorded,Helicopter,subtidal,0.655817986
19371,November,2014,Gladstone,-24.03571,151.55392,Present,Yes,Sand,Helicopter,subtidal,0.412333012
3477,November,2014,Gladstone,-24.02547,151.62224,Present,Yes,Mud,Boat - Grab,subtidal,1.43441999
19178,November,2014,Gladstone,-24.02528,151.60355,Present,Yes,Sand,Boat - Sled,subtidal,6.68227005
19475,November,2014,Gladstone,-24.02136,151.53495,Present,Yes,Sand,Boat - Diver,subtidal,2.855410099
19476,November,2014,Gladstone,-24.02109,151.52879,Present,Yes,Sand,Boat - Diver,subtidal,2.830820084
19474,November,2014,Gladstone,-24.01891,151.54091,Present,Yes,Sand,Boat - Diver,subtidal,2.997989893
19483,November,2014,Gladstone,-24.01873,151.52442,Present,Yes,Sand,Boat - Diver,subtidal,3.086750031
19482,November,2014,Gladstone,-24.01842,151.52954,Present,Yes,Sand,Boat - Diver,subtidal,3.326250076
19477,November,2014,Gladstone,-24.01822,151.5188,Present,Yes,Sand,Boat - Diver,subtidal,3.076489925
19472,November,2014,Gladstone,-24.0162,151.54583,Present,Yes,Sand,Boat - Diver,subtidal,2.343569994
19484,November,2014,Gladstone,-24.01597,151.52603,Present,Yes,Sand,Boat - Diver,subtidal,3.500040054
19481,November,2014,Gladstone,-24.0159,151.53028,Present,Yes,Sand,Boat - Diver,subtidal,3.53324008
18922,November,2014,Gladstone,-24.01499,151.51652,Present,Yes,Sand,Boat - Diver,subtidal,3.569449902
18916,November,2014,Gladstone,-24.01434,151.51182,Present,Yes,Sand,Boat - Diver,subtidal,3.161940098
18921,November,2014,Gladstone,-24.01185,151.51796,Present,Yes,Sand,Boat - Diver,subtidal,4.086110115
18919,November,2014,Gladstone,-24.01172,151.52212,Present,Yes,Sand,Boat - Diver,subtidal,4.064899921
20305,November,2014,Gladstone,-24.00755,151.49962,Present,Yes,Sand,Boat - Diver,subtidal,3.264699936
18927,November,2014,Gladstone,-24.00714,151.50404,Present,Yes,Sand,Boat - Diver,subtidal,3.899559975
20318,November,2014,Gladstone,-24.0042,151.50123,Present,Yes,Sand,Boat - Diver,subtidal,3.963219881
20319,November,2014,Gladstone,-24.00278,151.50026,Present,Yes,Sand,Boat - Diver,subtidal,4.024960041
20311,November,2014,Gladstone,-23.99742,151.48272,Present,Yes,Sand,Boat - Diver,subtidal,3.795850039
20310,November,2014,Gladstone,-23.99589,151.48316,Present,Yes,Sand,Boat - Diver,subtidal,4.116680145
20224,November,2014,Gladstone,-23.99384,151.48323,Present,Yes,Sand,Boat - Diver,subtidal,4.496389866
24073,November,2014,Gladstone,-23.98213,151.426,Present,Yes,Sand,Boat - Diver,subtidal,0.703885973
24075,November,2014,Gladstone,-23.97986,151.42781,Present,Yes,Sand,Boat - Diver,subtidal,1.209329963
24082,November,2014,Gladstone,-23.97525,151.41892,Present,Yes,Sand,Boat - Diver,subtidal,1.77523005
24081,November,2014,Gladstone,-23.97415,151.42311,Present,Yes,Sand,Boat - Diver,subtidal,1.895889997
24083,November,2014,Gladstone,-23.9727,151.41625,Present,Yes,Sand,Boat - Diver,subtidal,1.841220021
24079,November,2014,Gladstone,-23.96899,151.42712,Present,Yes,Sand,Boat - Diver,subtidal,2.809570074
24090,November,2014,Gladstone,-23.96574,151.42755,Present,Yes,Sand,Boat - Diver,subtidal,2.782720089
24087,November,2014,Gladstone,-23.96572,151.42512,Present,Yes,Sand,Boat - Diver,subtidal,2.41573
24099,November,2014,Gladstone,-23.96393,151.41265,Present,Yes,Sand,Boat - Diver,subtidal,1.916100025
24088,November,2014,Gladstone,-23.96365,151.42696,Present,Yes,Sand,Boat - Diver,subtidal,2.4848001
24095,November,2014,Gladstone,-23.96323,151.42415,Present,Yes,Sand,Boat - Diver,subtidal,2.739279985
20229,November,2014,Gladstone,-23.95991,151.39769,Present,Yes,Sand,Boat - Diver,subtidal,2.844439983
20231,November,2014,Gladstone,-23.95844,151.39506,Present,Yes,Sand,Boat - Diver,subtidal,3.272300005
20235,November,2014,Gladstone,-23.95807,151.39216,Present,Yes,Sand,Boat - Diver,subtidal,3.296489954
20228,November,2014,Gladstone,-23.95766,151.40007,Present,Yes,Sand,Boat - Diver,subtidal,3.015170097
20227,November,2014,Gladstone,-23.95585,151.40197,Present,Yes,Sand,Boat - Diver,subtidal,3.17159009
21210,June,2014,Gladstone,-23.93104,151.35435,Present,Yes,Sand,Helicopter,subtidal,0.279179007
21427,November,2014,Gladstone,-23.91577,151.35082,Present,Yes,Sand,Boat - Diver,subtidal,1.760939956
21041,November,2014,Gladstone,-23.91475,151.35216,Present,Yes,Sand,Boat - Diver,subtidal,2.621490002
20960,June,2014,Gladstone,-23.91228,151.34133,Present,Yes,Sand,Helicopter,subtidal,0.506680012
21061,November,2014,Gladstone,-23.91204,151.34978,Present,Yes,Sand,Boat - Diver,subtidal,2.803989887
21030,November,2014,Gladstone,-23.91186,151.34252,Present,Yes,Sand,Helicopter,subtidal,0.809138
20958,June,2014,Gladstone,-23.91067,151.34042,Present,Yes,Mud,Helicopter,subtidal,0.565802991
20962,June,2014,Gladstone,-23.91042,151.343,Present,Yes,Sand,Boat - Diver,subtidal,1.981050015
28053,November,2014,Gladstone,-23.90984,151.33752,Present,Yes,Sand,Helicopter,intertidal,0
21045,November,2014,Gladstone,-23.90924,151.33967,Present,Yes,Mud,Boat - Diver,subtidal,1.283079982
20957,June,2014,Gladstone,-23.90793,151.33753,Present,Yes,Sand,Helicopter,subtidal,0.662613988
21068,November,2014,Gladstone,-23.90647,151.33813,Present,Yes,Sand,Boat - Diver,subtidal,2.080650091
20956,June,2014,Gladstone,-23.9048,151.3355,Present,Yes,Mud,Helicopter,subtidal,0.786764026
21031,November,2014,Gladstone,-23.90471,151.33554,Present,Yes,Sand,Helicopter,subtidal,0.786764026
21067,November,2014,Gladstone,-23.90445,151.33989,Present,Yes,Sand,Boat - Diver,subtidal,2.800570011
21052,November,2014,Gladstone,-23.90295,151.33693,Present,Yes,Sand,Boat - Diver,subtidal,2.148819923
20943,June,2014,Gladstone,-23.90267,151.33565,Present,Yes,Sand,Boat - Diver,subtidal,2.111249924
20944,June,2014,Gladstone,-23.90254,151.33878,Present,Yes,Sand,Boat - Diver,subtidal,2.53392005
21049,November,2014,Gladstone,-23.90208,151.33908,Present,Yes,Mud,Boat - Diver,subtidal,2.77147007
20955,June,2014,Gladstone,-23.90189,151.33415,Present,Yes,Sand,Helicopter,subtidal,0.799369991
21050,November,2014,Gladstone,-23.90147,151.34042,Present,Yes,Sand,Boat - Diver,subtidal,2.633490086
21057,November,2014,Gladstone,-23.89621,151.33624,Present,Yes,Sand,Boat - Diver,subtidal,3.29121995
20948,June,2014,Gladstone,-23.89515,151.33432,Present,Yes,Sand,Boat - Diver,subtidal,2.693969965
20939,June,2014,Gladstone,-23.88793,151.32999,Present,Yes,Sand,Helicopter,subtidal,0.492370009
21073,November,2014,Gladstone,-23.88562,151.32983,Present,Yes,Sand,Boat - Diver,subtidal,1.597249985
26868,November,2014,Gladstone,-23.88425,151.32698,Present,Yes,Sand,Helicopter,intertidal,0
23748,November,2014,Gladstone,-23.88388,151.32903,Present,Yes,Sand,Helicopter,subtidal,0.88825798
25897,June,2014,Gladstone,-23.88374,151.32847,Present,Yes,Sand,Helicopter,subtidal,0.479452997
23826,November,2014,Gladstone,-23.88264,151.32955,Present,Yes,Sand,Boat - Diver,subtidal,2.088320017
25896,June,2014,Gladstone,-23.87955,151.32775,Present,Yes,Sand,Helicopter,subtidal,0.586359978
23749,November,2014,Gladstone,-23.87814,151.32814,Present,Yes,Sand,Helicopter,subtidal,0.711116016
26869,November,2014,Gladstone,-23.87799,151.3258,Present,Yes,Sand,Helicopter,intertidal,0
25895,June,2014,Gladstone,-23.87704,151.32768,Present,Yes,Sand,Helicopter,subtidal,0.630195975
23829,November,2014,Gladstone,-23.87582,151.32876,Present,Yes,Sand,Boat - Diver,subtidal,1.453909993
26800,November,2014,Gladstone,-23.87038,151.32247,Present,Yes,Sand,Helicopter,intertidal,0
26715,June,2014,Gladstone,-23.87019,151.32634,Present,Yes,Sand,Helicopter,intertidal,0
25686,November,2014,Gladstone,-23.86914,151.3276,Present,Yes,Sand,Helicopter,subtidal,0.803578973
26778,November,2014,Gladstone,-23.86901,151.32421,Present,Yes,Sand,Helicopter,intertidal,0
30127,June,2014,Gladstone,-23.86856,151.32144,Present,Yes,Sand,Helicopter,intertidal,0
30139,November,2014,Gladstone,-23.86832,151.3213,Present,Yes,Sand,Helicopter,intertidal,0
30182,November,2014,Gladstone,-23.86738,151.32541,Present,Yes,Sand,Helicopter,intertidal,0
30452,June,2014,Gladstone,-23.86733,151.31872,Present,Yes,Sand,Helicopter,intertidal,0
30251,November,2014,Gladstone,-23.8671,151.32317,Present,Yes,Sand,Helicopter,intertidal,0
30126,June,2014,Gladstone,-23.86655,151.32102,Present,Yes,Sand,Helicopter,intertidal,0
30172,June,2014,Gladstone,-23.86571,151.32519,Present,Yes,Sand,Helicopter,intertidal,0
29933,June,2014,Gladstone,-23.86538,151.32739,Present,Yes,Sand,Helicopter,subtidal,0.521920979
30138,November,2014,Gladstone,-23.86498,151.32146,Present,Yes,Sand,Helicopter,intertidal,0
29936,November,2014,Gladstone,-23.86489,151.32895,Present,Yes,Sand,Helicopter,subtidal,0.617331028
27172,November,2014,Gladstone,-23.86265,151.36218,Present,Yes,Sand,Boat - Diver,subtidal,0.629332006
30137,November,2014,Gladstone,-23.86205,151.32199,Present,Yes,Sand,Helicopter,intertidal,0
30439,June,2014,Gladstone,-23.86161,151.31954,Present,Yes,Mud,Helicopter,intertidal,0
29442,June,2014,Gladstone,-23.85875,151.32444,Present,Yes,Sand,Helicopter,subtidal,2.25928998
29792,November,2014,Gladstone,-23.85875,151.32306,Present,Yes,Sand,Helicopter,intertidal,0
29791,November,2014,Gladstone,-23.85741,151.32108,Present,Yes,Mud,Helicopter,intertidal,0
30231,June,2014,Gladstone,-23.85728,151.31958,Present,Yes,Mud,Helicopter,intertidal,0
29441,June,2014,Gladstone,-23.85672,151.32124,Present,Yes,Mud,Helicopter,subtidal,1.770830035
29499,November,2014,Gladstone,-23.85364,151.31653,Present,Yes,Sand,Boat - Grab,subtidal,4.695280075
25842,November,2014,Gladstone,-23.85359,151.29851,Present,Yes,Mud,Helicopter,subtidal,1.018360019
23753,November,2014,Gladstone,-23.85347,151.29224,Present,Yes,Mud,Helicopter,subtidal,0.921603024
23754,November,2014,Gladstone,-23.85268,151.28863,Present,Yes,Mud,Helicopter,subtidal,1.210530043
23810,November,2014,Gladstone,-23.82123,151.29542,Present,Yes,Sand,Boat - Diver,subtidal,0.957221985
23277,June,2014,Gladstone,-23.81958,151.2946,Present,Yes,Sand,Helicopter,subtidal,0.994771004
23809,November,2014,Gladstone,-23.81785,151.29613,Present,Yes,Mud,Boat - Diver,subtidal,1.100319982
23808,November,2014,Gladstone,-23.81782,151.29864,Present,Yes,Sand,Boat - Diver,subtidal,1.363240004
23278,June,2014,Gladstone,-23.81655,151.2957,Present,Yes,Mud,Helicopter,subtidal,0.950718999
23893,November,2014,Gladstone,-23.8156,151.29311,Present,Yes,Mud,Helicopter,subtidal,0.62192899
10015,June,2014,Gladstone,-23.81536,151.29271,Present,Yes,Mud,Helicopter,subtidal,0.586987019
10634,November,2014,Gladstone,-23.81503,151.29432,Present,Yes,Sand,Helicopter,subtidal,0.861604989
9985,June,2014,Gladstone,-23.81453,151.29656,Present,Yes,Mud,Helicopter,subtidal,1.459900022
10495,November,2014,Gladstone,-23.81399,151.29556,Present,Yes,Mud,Boat - Diver,subtidal,1.219990015
10636,November,2014,Gladstone,-23.81338,151.2919,Present,Yes,Mud,Helicopter,subtidal,0.753866971
10018,June,2014,Gladstone,-23.81322,151.29358,Present,Yes,Mud,Helicopter,subtidal,0.693502009
10635,November,2014,Gladstone,-23.81284,151.29297,Present,Yes,Mud,Helicopter,subtidal,0.876164019
10014,June,2014,Gladstone,-23.81282,151.29119,Present,Yes,Mud,Helicopter,subtidal,0.486936986
9984,June,2014,Gladstone,-23.81231,151.29513,Present,Yes,Mud,Helicopter,subtidal,1.399710059
10637,November,2014,Gladstone,-23.81155,151.29079,Present,Yes,Mud,Helicopter,subtidal,0.547219992
10638,November,2014,Gladstone,-23.81099,151.29229,Present,Yes,Mud,Helicopter,subtidal,1.003340006
10013,June,2014,Gladstone,-23.81072,151.29074,Present,Yes,Not recorded,Helicopter,subtidal,0.610750973
10494,November,2014,Gladstone,-23.81034,151.29442,Present,Yes,Mud,Boat - Diver,subtidal,1.470460057
15323,November,2014,Gladstone,-23.81013,151.21589,Present,Yes,Sand,Helicopter,intertidal,0
10640,November,2014,Gladstone,-23.8101,151.28968,Present,Yes,Mud,Helicopter,subtidal,0.606628001
10639,November,2014,Gladstone,-23.80992,151.29157,Present,Yes,Mud,Helicopter,subtidal,0.830833018
9983,June,2014,Gladstone,-23.80945,151.29316,Present,Yes,Mud,Helicopter,subtidal,1.397789955
10019,June,2014,Gladstone,-23.80842,151.29087,Present,Yes,Mud,Helicopter,subtidal,1.060050011
10642,November,2014,Gladstone,-23.80759,151.28975,Present,Yes,Mud,Helicopter,subtidal,0.514159024
10490,November,2014,Gladstone,-23.807,151.2926,Present,Yes,Mud,Boat - Diver,subtidal,1.596819997
10643,November,2014,Gladstone,-23.80696,151.2903,Present,Yes,Mud,Helicopter,subtidal,0.960766971
10644,November,2014,Gladstone,-23.80655,151.28936,Present,Yes,Mud,Helicopter,subtidal,0.258379012
10017,June,2014,Gladstone,-23.80579,151.29014,Present,Yes,Mud,Helicopter,subtidal,0.897904992
10646,November,2014,Gladstone,-23.80431,151.28909,Present,Yes,Mud,Helicopter,subtidal,0.722073019
10649,November,2014,Gladstone,-23.80289,151.30013,Present,Yes,Sand,Helicopter,subtidal,1.255069971
9992,June,2014,Gladstone,-23.80272,151.30026,Present,Yes,Mud,Helicopter,subtidal,1.255069971
10650,November,2014,Gladstone,-23.80265,151.30245,Present,Yes,Sand,Helicopter,subtidal,1.333789945
10621,November,2014,Gladstone,-23.80254,151.28874,Present,Yes,Sand,Helicopter,subtidal,0.971997976
9979,June,2014,Gladstone,-23.80242,151.29004,Present,Yes,Mud,Helicopter,subtidal,1.297109962
10651,November,2014,Gladstone,-23.8015,151.30668,Present,Yes,Mud,Helicopter,subtidal,1.395110011
9991,June,2014,Gladstone,-23.80146,151.30299,Present,Yes,Sand,Helicopter,subtidal,1.471250057
10620,November,2014,Gladstone,-23.80144,151.28793,Present,Yes,Mud,Helicopter,subtidal,0.997982025
10625,November,2014,Gladstone,-23.80138,151.29716,Present,Yes,Mud,Helicopter,subtidal,1.027860045
10524,November,2014,Gladstone,-23.8011,151.30488,Present,Yes,Mud,Helicopter,subtidal,1.178200006
9994,June,2014,Gladstone,-23.80088,151.29717,Present,Yes,Mud,Helicopter,subtidal,1.033079982
10016,June,2014,Gladstone,-23.8008,151.30035,Present,Yes,Mud,Helicopter,subtidal,1.00048995
10465,November,2014,Gladstone,-23.80074,151.30175,Present,Yes,Sand,Boat - Diver,subtidal,1.195880055
10619,November,2014,Gladstone,-23.80055,151.28683,Present,Yes,Sand,Helicopter,subtidal,0.816814005
10626,November,2014,Gladstone,-23.79997,151.2975,Present,Yes,Mud,Helicopter,subtidal,1.076910019
23865,November,2014,Gladstone,-23.79926,151.3088,Present,Yes,Sand,Helicopter,subtidal,1.404790044
10627,November,2014,Gladstone,-23.79897,151.29921,Present,Yes,Mud,Helicopter,subtidal,1.410369992
9987,June,2014,Gladstone,-23.79894,151.29908,Present,Yes,Mud,Helicopter,subtidal,1.433539987
23210,June,2014,Gladstone,-23.79784,151.30705,Present,Yes,Sand,Helicopter,subtidal,0.985183001
10631,November,2014,Gladstone,-23.7978,151.30623,Present,Yes,Mud,Helicopter,subtidal,1.113749981
23866,November,2014,Gladstone,-23.79645,151.30852,Present,Yes,Sand,Helicopter,subtidal,1.25188005
9995,June,2014,Gladstone,-23.79617,151.3037,Present,Yes,Mud,Helicopter,subtidal,0.856220007
23235,June,2014,Gladstone,-23.796,151.30713,Present,Yes,Mud,Helicopter,subtidal,0.893492997
10632,November,2014,Gladstone,-23.79599,151.30463,Present,Yes,Mud,Helicopter,subtidal,0.741998017
23868,November,2014,Gladstone,-23.79522,151.30352,Present,Yes,Mud,Helicopter,subtidal,0.692875981
23876,November,2014,Gladstone,-23.79468,151.30594,Present,Yes,Mud,Helicopter,subtidal,0.687852979
23219,June,2014,Gladstone,-23.79376,151.30783,Present,Yes,Mud,Helicopter,subtidal,0.751012027
23877,November,2014,Gladstone,-23.7928,151.30685,Present,Yes,Mud,Helicopter,subtidal,0.596378982
23885,November,2014,Gladstone,-23.7927,151.30559,Present,Yes,Mud,Helicopter,subtidal,0.539481997
23886,November,2014,Gladstone,-23.79152,151.30641,Present,Yes,Mud,Helicopter,subtidal,0.530516028
23218,June,2014,Gladstone,-23.79078,151.30857,Present,Yes,Mud,Helicopter,subtidal,0.766471028
23879,November,2014,Gladstone,-23.78893,151.30785,Present,Yes,Mud,Helicopter,subtidal,0.578149974
23873,November,2014,Gladstone,-23.78663,151.30544,Present,Yes,Mud,Helicopter,subtidal,1.422559977
23875,November,2014,Gladstone,-23.78512,151.30813,Present,Yes,Mud,Helicopter,subtidal,1.348389983
23203,June,2014,Gladstone,-23.78477,151.31027,Present,Yes,Mud,Helicopter,subtidal,1.483970046
23820,November,2014,Gladstone,-23.78473,151.30995,Present,Yes,Mud,Boat - Diver,subtidal,1.526059985
23822,November,2014,Gladstone,-23.78209,151.31588,Present,Yes,Mud,Boat - Diver,subtidal,0.996686995
23183,June,2014,Gladstone,-23.78172,151.31622,Present,Yes,Mud,Boat - Diver,subtidal,1.657459974
22586,November,2015,Gladstone,-23.92259,151.35216,Present,Yes,Sand,Helicopter,intertidal,0
21431,November,2015,Gladstone,-23.91868,151.34944,Present,Yes,Sand,Helicopter,subtidal,0.653482974
21430,November,2015,Gladstone,-23.91586,151.34667,Present,Yes,Sand,Helicopter,subtidal,0.880805016
21112,November,2015,Gladstone,-23.91461,151.35145,Present,Yes,Sand,Boat - Diver,subtidal,2.378829956
21087,November,2015,Gladstone,-23.9138,151.34825,Present,Yes,Sand,Boat - Diver,subtidal,1.476580024
22610,November,2015,Gladstone,-23.91325,151.34015,Present,Yes,Sand,Helicopter,intertidal,0
21078,November,2015,Gladstone,-23.91173,151.34308,Present,Yes,Sand,Helicopter,subtidal,0.931330979
21076,November,2015,Gladstone,-23.91094,151.3408,Present,Yes,Sand,Helicopter,subtidal,0.634019017
22611,November,2015,Gladstone,-23.91012,151.33787,Present,Yes,Sand,Helicopter,intertidal,0
21091,November,2015,Gladstone,-23.90973,151.3459,Present,Yes,Sand,Boat - Diver,subtidal,2.661380053
21092,November,2015,Gladstone,-23.90873,151.34248,Present,Yes,Sand,Boat - Diver,subtidal,2.55302
21096,November,2015,Gladstone,-23.90841,151.34056,Present,Yes,Sand,Boat - Diver,subtidal,2.236000061
21079,November,2015,Gladstone,-23.90791,151.3381,Present,Yes,Sand,Helicopter,subtidal,0.913205981
21095,November,2015,Gladstone,-23.90612,151.34174,Present,Yes,Sand,Boat - Diver,subtidal,2.627599955
21103,November,2015,Gladstone,-23.90364,151.33747,Present,Yes,Sand,Boat - Diver,subtidal,2.219860077
21102,November,2015,Gladstone,-23.90169,151.33849,Present,Yes,Mud,Boat - Diver,subtidal,2.738070011
21080,November,2015,Gladstone,-23.90146,151.33408,Present,Yes,Sand,Helicopter,subtidal,1.012150049
21104,November,2015,Gladstone,-23.89992,151.33691,Present,Yes,Sand,Boat - Diver,subtidal,2.534120083
21105,November,2015,Gladstone,-23.89773,151.33532,Present,Yes,Sand,Boat - Diver,subtidal,2.373869896
21081,November,2015,Gladstone,-23.89674,151.33235,Present,Yes,Sand,Helicopter,subtidal,0.584686995
21108,November,2015,Gladstone,-23.89442,151.33373,Present,Yes,Sand,Boat - Diver,subtidal,2.54482007
21082,November,2015,Gladstone,-23.8925,151.3318,Present,Yes,Sand,Helicopter,subtidal,0.870149016
21083,November,2015,Gladstone,-23.88752,151.33015,Present,Yes,Sand,Helicopter,subtidal,1.084779978
24218,November,2015,Gladstone,-23.8845,151.33078,Present,Yes,Sand,Boat - Diver,subtidal,2.804630041
24203,November,2015,Gladstone,-23.88244,151.32896,Present,Yes,Sand,Helicopter,subtidal,1.233139992
26853,November,2015,Gladstone,-23.88218,151.32677,Present,Yes,Sand,Helicopter,intertidal,0
25905,November,2015,Gladstone,-23.87933,151.3275,Present,Yes,Sand,Boat - Diver,subtidal,0.612592995
26870,November,2015,Gladstone,-23.8782,151.32559,Present,Yes,Sand,Helicopter,intertidal,0
25904,November,2015,Gladstone,-23.87647,151.32835,Present,Yes,Sand,Helicopter,subtidal,1.076320052
25695,November,2015,Gladstone,-23.87262,151.32305,Present,Yes,Sand,Helicopter,subtidal,1.04211998
25696,November,2015,Gladstone,-23.87066,151.32635,Present,Yes,Mud,Helicopter,subtidal,1.05666995
26779,November,2015,Gladstone,-23.86976,151.32342,Present,Yes,Mud,Helicopter,intertidal,0
29937,November,2015,Gladstone,-23.86479,151.32756,Present,Yes,Sand,Helicopter,subtidal,0.520676017
30185,November,2015,Gladstone,-23.86449,151.32525,Present,Yes,Mud,Helicopter,intertidal,0
30255,November,2015,Gladstone,-23.86232,151.32591,Present,Yes,Sand,Helicopter,intertidal,0
29507,November,2015,Gladstone,-23.85974,151.32605,Present,Yes,Sand,Helicopter,subtidal,2.756409884
29508,November,2015,Gladstone,-23.85746,151.32306,Present,Yes,Sand,Helicopter,subtidal,2.066299915
29509,November,2015,Gladstone,-23.85513,151.319,Present,Yes,Sand,Helicopter,subtidal,3.866669893
29510,November,2015,Gladstone,-23.85443,151.31766,Present,Yes,Mud,Helicopter,subtidal,0
29713,November,2015,Gladstone,-23.85441,151.31662,Present,Yes,Sand,Helicopter,intertidal,0
29704,November,2015,Gladstone,-23.85409,151.31577,Present,Yes,Mud,Helicopter,intertidal,0
29511,November,2015,Gladstone,-23.85401,151.31698,Present,Yes,Sand,Helicopter,subtidal,2.95855999
25852,November,2015,Gladstone,-23.85387,151.29786,Present,Yes,Sand,Helicopter,subtidal,0.943059981
29705,November,2015,Gladstone,-23.85376,151.31488,Present,Yes,Sand,Helicopter,intertidal,0
22531,November,2015,Gladstone,-23.85363,151.31392,Present,Yes,Sand,Helicopter,intertidal,0
29512,November,2015,Gladstone,-23.85362,151.31619,Present,Yes,Sand,Helicopter,subtidal,3.723350048
29513,November,2015,Gladstone,-23.85328,151.31516,Present,Yes,Sand,Helicopter,subtidal,4.128240108
29514,November,2015,Gladstone,-23.85312,151.31431,Present,Yes,Sand,Helicopter,subtidal,2.507090092
24207,November,2015,Gladstone,-23.85265,151.28995,Present,Yes,Mud,Helicopter,subtidal,1.041820049
22476,November,2015,Gladstone,-23.85263,151.3121,Present,Yes,Mud,Helicopter,intertidal,0
24209,November,2015,Gladstone,-23.85155,151.28384,Present,Yes,Mud,Helicopter,subtidal,1.083920002
24336,November,2015,Gladstone,-23.82203,151.29633,Present,Yes,Sand,Helicopter,subtidal,1.186929941
24338,November,2015,Gladstone,-23.8199,151.29708,Present,Yes,Sand,Helicopter,subtidal,1.342149973
24241,November,2015,Gladstone,-23.81722,151.299,Present,Yes,Sand,Boat - Grab,subtidal,1.399639964
24339,November,2015,Gladstone,-23.81683,151.29643,Present,Yes,Sand,Helicopter,subtidal,1.173519969
11075,November,2015,Gladstone,-23.81419,151.29601,Present,Yes,Sand,Helicopter,subtidal,1.295289993
11109,November,2015,Gladstone,-23.81397,151.29269,Present,Yes,Shell,Helicopter,subtidal,0.579244018
12541,November,2015,Gladstone,-23.81144,151.28896,Present,Yes,Mud,Helicopter,intertidal,0
11110,November,2015,Gladstone,-23.81143,151.29026,Present,Yes,Mud,Helicopter,subtidal,0.669964015
11076,November,2015,Gladstone,-23.81134,151.29421,Present,Yes,Sand,Helicopter,subtidal,1.345340014
11111,November,2015,Gladstone,-23.81108,151.29133,Present,Yes,Sand,Helicopter,subtidal,0.540054977
11112,November,2015,Gladstone,-23.80929,151.29015,Present,Yes,Mud,Helicopter,subtidal,0.827898979
11077,November,2015,Gladstone,-23.80907,151.29242,Present,Yes,Mud,Helicopter,subtidal,1.197600007
17207,November,2015,Gladstone,-23.80683,151.28144,Present,Yes,Mud,Helicopter,subtidal,1.095090032
11113,November,2015,Gladstone,-23.80661,151.28893,Present,Yes,Mud,Helicopter,subtidal,0.035587501
11078,November,2015,Gladstone,-23.80651,151.29141,Present,Yes,Sand,Helicopter,subtidal,1.29903996
11114,November,2015,Gladstone,-23.80453,151.28892,Present,Yes,Sand,Helicopter,subtidal,0
11060,November,2015,Gladstone,-23.80426,151.30049,Present,Yes,Mud,Boat - Grab,subtidal,1.319569945
11083,November,2015,Gladstone,-23.80398,151.2972,Present,Yes,Sand,Helicopter,subtidal,1.756469965
11079,November,2015,Gladstone,-23.80377,151.29033,Present,Yes,Sand,Helicopter,subtidal,1.229460001
11082,November,2015,Gladstone,-23.80289,151.3009,Present,Yes,Mud,Helicopter,subtidal,1.162089944
11115,November,2015,Gladstone,-23.80196,151.28748,Present,Yes,Sand,Helicopter,subtidal,0.48130399
11081,November,2015,Gladstone,-23.80159,151.30501,Present,Yes,Mud,Helicopter,subtidal,1.265480042
24262,November,2015,Gladstone,-23.80158,151.30892,Present,Yes,Sand,Helicopter,subtidal,1.402320027
11084,November,2015,Gladstone,-23.80039,151.29706,Present,Yes,Sand,Helicopter,subtidal,1.087749958
11086,November,2015,Gladstone,-23.79962,151.30554,Present,Yes,Mud,Helicopter,subtidal,1.419700027
11085,November,2015,Gladstone,-23.79877,151.30156,Present,Yes,Mud,Helicopter,subtidal,1.094120026
24261,November,2015,Gladstone,-23.79746,151.30878,Present,Yes,Sand,Helicopter,subtidal,1.331480026
11087,November,2015,Gladstone,-23.79647,151.30578,Present,Yes,Sand,Helicopter,subtidal,0.825402975
24263,November,2015,Gladstone,-23.79467,151.30208,Present,Yes,Mud,Helicopter,subtidal,1.293159962
24250,November,2015,Gladstone,-23.79314,151.29763,Present,Yes,Mud,Helicopter,subtidal,1.290529966
24251,November,2015,Gladstone,-23.79207,151.30041,Present,Yes,Mud,Helicopter,subtidal,1.763059974
24264,November,2015,Gladstone,-23.79094,151.30376,Present,Yes,Sand,Helicopter,subtidal,1.278509974
24259,November,2015,Gladstone,-23.79018,151.30949,Present,Yes,Sand,Helicopter,subtidal,1.083699942
25204,November,2015,Gladstone,-23.78961,151.30664,Present,Yes,Mud,Helicopter,intertidal,0
24252,November,2015,Gladstone,-23.78692,151.30239,Present,Yes,Sand,Helicopter,subtidal,1.579660058
25170,November,2015,Gladstone,-23.78211,151.29798,Present,Yes,Sand,Helicopter,intertidal,0
24270,November,2015,Gladstone,-23.78155,151.31779,Present,Yes,Sand,Helicopter,subtidal,0.785207987
24253,November,2015,Gladstone,-23.78136,151.30175,Present,Yes,Sand,Helicopter,subtidal,1.373860002
24325,November,2015,Gladstone,-23.77763,151.29856,Present,Yes,Mud,Helicopter,subtidal,0.794368982
24300,November,2015,Gladstone,-23.77104,151.3097,Present,Yes,Sand,Boat - Diver,subtidal,1.384279966
21231,November,2016,Gladstone,-23.93106,151.35799,Present,Yes,Mud,Boat - Diver,subtidal,0.956991971
21458,November,2016,Gladstone,-23.92645,151.3582,Present,Yes,Sand,Boat - Diver,subtidal,0.716567993
21447,November,2016,Gladstone,-23.92566,151.35422,Present,Yes,Sand,Helicopter,subtidal,0.708061993
22587,November,2016,Gladstone,-23.92199,151.35272,Present,Yes,Sand,Helicopter,intertidal,0
22588,November,2016,Gladstone,-23.91737,151.34669,Present,Yes,Sand,Helicopter,intertidal,0
21452,November,2016,Gladstone,-23.91663,151.34826,Present,Yes,Sand,Helicopter,subtidal,0.940743029
21454,November,2016,Gladstone,-23.9158,151.34639,Present,Yes,Sand,Helicopter,subtidal,0.856256008
22649,November,2016,Gladstone,-23.91568,151.34267,Present,Yes,Sand,Helicopter,intertidal,0
21121,November,2016,Gladstone,-23.91454,151.35204,Present,Yes,Sand,Boat - Diver,subtidal,2.710649967
21455,November,2016,Gladstone,-23.91447,151.34434,Present,Yes,Sand,Helicopter,subtidal,0.875958025
21113,November,2016,Gladstone,-23.91237,151.34284,Present,Yes,Sand,Helicopter,subtidal,0.806065023
21126,November,2016,Gladstone,-23.91055,151.34511,Present,Yes,Sand,Boat - Diver,subtidal,2.303080082
21114,November,2016,Gladstone,-23.91008,151.34075,Present,Yes,Sand,Helicopter,subtidal,0.967882991
21115,November,2016,Gladstone,-23.90857,151.33825,Present,Yes,Sand,Helicopter,subtidal,0.66997999
21129,November,2016,Gladstone,-23.90727,151.34302,Present,Yes,Sand,Boat - Diver,subtidal,2.730849981
21116,November,2016,Gladstone,-23.90523,151.33586,Present,Yes,Sand,Helicopter,subtidal,0.864239991
21130,November,2016,Gladstone,-23.90516,151.33942,Present,Yes,Sand,Boat - Diver,subtidal,2.784889936
21117,November,2016,Gladstone,-23.90199,151.33423,Present,Yes,Sand,Helicopter,subtidal,0.630698979
21133,November,2016,Gladstone,-23.90167,151.33797,Present,Yes,Sand,Boat - Diver,subtidal,2.500699997
28020,November,2016,Gladstone,-23.89879,151.33304,Present,Yes,Sand,Helicopter,subtidal,0.715851009
21134,November,2016,Gladstone,-23.89736,151.33577,Present,Yes,Sand,Boat - Diver,subtidal,2.660559893
21118,November,2016,Gladstone,-23.89508,151.33184,Present,Yes,Sand,Helicopter,subtidal,0.591638029
21135,November,2016,Gladstone,-23.89479,151.3381,Present,Yes,Sand,"Boat - Diver, Grab",subtidal,4.281129837
21119,November,2016,Gladstone,-23.89186,151.33134,Present,Yes,Sand,Helicopter,subtidal,0.73594898
21120,November,2016,Gladstone,-23.88821,151.33033,Present,Yes,Sand,Helicopter,subtidal,0.615594029
24460,November,2016,Gladstone,-23.88465,151.3292,Present,Yes,Sand,Helicopter,subtidal,0.921756029
24461,November,2016,Gladstone,-23.88103,151.3287,Present,Yes,Sand,Helicopter,subtidal,1.081169963
19958,November,2016,Gladstone,-23.87994,151.31853,Present,Yes,Sand,Helicopter,subtidal,0.572905004
20683,November,2016,Gladstone,-23.8799,151.3197,Present,Yes,Mud,Helicopter,intertidal,0
26838,November,2016,Gladstone,-23.87989,151.32555,Present,Yes,Sand,Helicopter,intertidal,0
20652,November,2016,Gladstone,-23.8796,151.31725,Present,Yes,Mud,Helicopter,intertidal,0
19960,November,2016,Gladstone,-23.87865,151.31997,Present,Yes,Mud,Helicopter,subtidal,0.736564994
24462,November,2016,Gladstone,-23.87851,151.32814,Present,Yes,Sand,Helicopter,subtidal,0.76947403
20684,November,2016,Gladstone,-23.87824,151.31924,Present,Yes,Mud,Helicopter,intertidal,0
20749,November,2016,Gladstone,-23.87798,151.31778,Present,Yes,Sand,Helicopter,intertidal,0
25907,November,2016,Gladstone,-23.87637,151.32836,Present,Yes,Sand,Helicopter,subtidal,1.050330043
20611,November,2016,Gladstone,-23.87592,151.32105,Present,Yes,Mud,Helicopter,intertidal,0
25908,November,2016,Gladstone,-23.87382,151.32858,Present,Yes,Sand,Helicopter,subtidal,0.791670978
20577,November,2016,Gladstone,-23.87377,151.32045,Present,Yes,Sand,Helicopter,intertidal,0
30337,November,2016,Gladstone,-23.86743,151.36236,Present,Yes,Sand,Boat - Diver,subtidal,1.824190021
30142,November,2016,Gladstone,-23.86726,151.3217,Present,Yes,Sand,Helicopter,intertidal,0
30335,November,2016,Gladstone,-23.8661,151.36278,Present,Yes,Mud,Helicopter,subtidal,0.616632998
30108,November,2016,Gladstone,-23.86432,151.32837,Present,Yes,Sand,Helicopter,intertidal,0
30340,November,2016,Gladstone,-23.86389,151.36238,Present,Yes,Sand,Boat - Unspecified,subtidal,0.668986022
30109,November,2016,Gladstone,-23.86388,151.32652,Present,Yes,Sand,Helicopter,intertidal,0
30262,November,2016,Gladstone,-23.86292,151.32357,Present,Yes,Sand,Helicopter,intertidal,0
27229,November,2016,Gladstone,-23.86148,151.36185,Present,Yes,Mud,Boat - Diver,subtidal,0.63172102
29520,November,2016,Gladstone,-23.85931,151.32493,Present,Yes,Sand,Helicopter,subtidal,2.147609949
30264,November,2016,Gladstone,-23.85879,151.31976,Present,Yes,Sand,Helicopter,intertidal,0
25711,November,2016,Gladstone,-23.85826,151.30125,Present,Yes,Mud,Helicopter,subtidal,1.687440038
29523,November,2016,Gladstone,-23.85738,151.32314,Present,Yes,Sand,Boat - Grab,subtidal,2.066299915
19961,November,2016,Gladstone,-23.85705,151.3063,Present,Yes,Mud,Helicopter,subtidal,1.912310004
19962,November,2016,Gladstone,-23.85611,151.30722,Present,Yes,Mud,Helicopter,subtidal,1.905439973
19963,November,2016,Gladstone,-23.85484,151.3086,Present,Yes,Mud,Helicopter,subtidal,1.846989989
24466,November,2016,Gladstone,-23.85368,151.29364,Present,Yes,Sand,Helicopter,subtidal,0.885899007
29529,November,2016,Gladstone,-23.85353,151.31625,Present,Yes,Mud,Boat - Grab,subtidal,4.695280075
25707,November,2016,Gladstone,-23.85349,151.30991,Present,Yes,Mud,Helicopter,subtidal,2.11748004
24464,November,2016,Gladstone,-23.85334,151.29776,Present,Yes,Sand,Helicopter,subtidal,1.119420052
24465,November,2016,Gladstone,-23.85319,151.29555,Present,Yes,Mud,Helicopter,subtidal,0.860468984
24468,November,2016,Gladstone,-23.85295,151.28861,Present,Yes,Mud,Helicopter,subtidal,1.141059995
24426,November,2016,Gladstone,-23.82456,151.30517,Present,Yes,Sand,Boat - Diver,subtidal,2.58791995
24424,November,2016,Gladstone,-23.82339,151.30233,Present,Yes,Mud,Boat - Grab,subtidal,2.037539959
29901,November,2016,Gladstone,-23.82227,151.31539,Present,Yes,Mud,Boat - Diver,subtidal,1.960690022
24372,November,2016,Gladstone,-23.81843,151.29503,Present,Yes,Sand,Helicopter,subtidal,1.101400018
24373,November,2016,Gladstone,-23.81608,151.29539,Present,Yes,Sand,Helicopter,subtidal,0.954078019
11201,November,2016,Gladstone,-23.81451,151.29304,Present,Yes,Mud,Helicopter,subtidal,0.671196997
11122,November,2016,Gladstone,-23.81431,151.29583,Present,Yes,Sand,Helicopter,subtidal,1.273609996
11123,November,2016,Gladstone,-23.812,151.29455,Present,Yes,Sand,Helicopter,subtidal,1.435649991
11200,November,2016,Gladstone,-23.81181,151.29164,Present,Yes,Mud,Helicopter,subtidal,0.565913022
11249,November,2016,Gladstone,-23.81162,151.29704,Present,Yes,Sand,Boat - Diver,subtidal,1.775850058
11124,November,2016,Gladstone,-23.80949,151.29283,Present,Yes,Sand,Helicopter,subtidal,1.201660037
11199,November,2016,Gladstone,-23.80942,151.29033,Present,Yes,Mud,Helicopter,subtidal,0.827898979
11125,November,2016,Gladstone,-23.80651,151.29103,Present,Yes,Sand,Helicopter,subtidal,1.17603004
11245,November,2016,Gladstone,-23.8055,151.2931,Present,Yes,Mud,Boat - Diver,subtidal,1.440680027
11126,November,2016,Gladstone,-23.80398,151.29044,Present,Yes,Sand,Helicopter,subtidal,1.193160057
11193,November,2016,Gladstone,-23.80335,151.29802,Present,Yes,Mud,Helicopter,subtidal,1.257719994
11127,November,2016,Gladstone,-23.80185,151.28862,Present,Yes,Mud,Helicopter,subtidal,1.006500006
11196,November,2016,Gladstone,-23.80164,151.30186,Present,Yes,Mud,Helicopter,subtidal,1.497050047
24448,November,2016,Gladstone,-23.80164,151.30819,Present,Yes,Sand,Helicopter,subtidal,1.315739989
11194,November,2016,Gladstone,-23.80087,151.29776,Present,Yes,Mud,Helicopter,subtidal,0.922158003
11197,November,2016,Gladstone,-23.79995,151.30517,Present,Yes,Mud,Helicopter,subtidal,0.695128977
24449,November,2016,Gladstone,-23.79774,151.30851,Present,Yes,Mud,Helicopter,subtidal,1.303900003
24491,November,2016,Gladstone,-23.79717,151.31944,Present,Yes,Mud,Boat - Diver,subtidal,1.379909992
11198,November,2016,Gladstone,-23.79593,151.30556,Present,Yes,Mud,Helicopter,subtidal,0.789542019
11192,November,2016,Gladstone,-23.79584,151.30176,Present,Yes,Mud,Helicopter,subtidal,1.198130012
24456,November,2016,Gladstone,-23.79532,151.31689,Present,Yes,Mud,Helicopter,subtidal,0.680341005
24450,November,2016,Gladstone,-23.79352,151.30822,Present,Yes,Mud,Helicopter,subtidal,0.899564028
24457,November,2016,Gladstone,-23.79292,151.30597,Present,Yes,Mud,Helicopter,subtidal,0.556526005
24455,November,2016,Gladstone,-23.79159,151.31559,Present,Yes,Mud,Helicopter,subtidal,0.885375977
24451,November,2016,Gladstone,-23.79015,151.30899,Present,Yes,Mud,Helicopter,subtidal,0.834124982
25206,November,2016,Gladstone,-23.78928,151.30677,Present,Yes,Mud,Helicopter,intertidal,0
24443,November,2016,Gladstone,-23.78917,151.30451,Present,Yes,Sand,Helicopter,subtidal,1.020969987
24452,November,2016,Gladstone,-23.78913,151.31402,Present,Yes,Mud,Helicopter,subtidal,0.925249994
24454,November,2016,Gladstone,-23.7881,151.30928,Present,Yes,Mud,Helicopter,subtidal,0.759965003
24453,November,2016,Gladstone,-23.7869,151.31284,Present,Yes,Mud,Helicopter,subtidal,0.92268002
24444,November,2016,Gladstone,-23.78612,151.30944,Present,Yes,Mud,Helicopter,subtidal,0.836647987
25205,November,2016,Gladstone,-23.78609,151.30643,Present,Yes,Mud,Helicopter,intertidal,0
24445,November,2016,Gladstone,-23.78494,151.31321,Present,Yes,Mud,Helicopter,subtidal,1.166810036
24446,November,2016,Gladstone,-23.783,151.31705,Present,Yes,Mud,Helicopter,subtidal,0.784407973
24434,November,2016,Gladstone,-23.78053,151.30135,Present,Yes,Sand,Helicopter,subtidal,1.398769975
24400,November,2016,Gladstone,-23.78027,151.3194,Present,Yes,Sand,Boat - Diver,subtidal,1.607609987
24414,November,2016,Gladstone,-23.77804,151.31393,Present,Yes,Mud,Boat - Diver,subtidal,1.482540011
24435,November,2016,Gladstone,-23.778,151.30377,Present,Yes,Sand,Helicopter,subtidal,1.43204999
24436,November,2016,Gladstone,-23.77756,151.3067,Present,Yes,Sand,Helicopter,subtidal,1.419870019
24830,November,2016,Gladstone,-23.76657,151.33184,Present,Yes,Sand,Helicopter,intertidal,0
21235,November,2017,Gladstone,-23.932078,151.355452,Present,Yes,Sand,Helicopter,subtidal,1.136389971
21236,November,2017,Gladstone,-23.930188,151.354128,Present,Yes,Sand,Helicopter,subtidal,0.407745987
21234,November,2017,Gladstone,-23.928843,151.356507,Present,Yes,Rock,Helicopter,subtidal,0.854187012
22666,November,2017,Gladstone,-23.927588,151.35325,Present,Yes,Sand,Helicopter,intertidal,0
21467,November,2017,Gladstone,-23.926225,151.35614,Present,Yes,Sand,Helicopter,subtidal,0.295762002
22650,November,2017,Gladstone,-23.92391,151.352033,Present,Yes,Sand,Helicopter,intertidal,0
22590,November,2017,Gladstone,-23.920122,151.349778,Present,Yes,Sand,Helicopter,intertidal,0
21460,November,2017,Gladstone,-23.91797,151.348248,Present,Yes,Sand,Helicopter,subtidal,0.699461997
22589,November,2017,Gladstone,-23.916532,151.345452,Present,Yes,Sand,Helicopter,intertidal,0
22652,November,2017,Gladstone,-23.915423,151.342102,Present,Yes,Sand,Helicopter,intertidal,0
22551,November,2017,Gladstone,-23.915078,151.341722,Present,Yes,Sand,Helicopter,intertidal,0
21148,November,2017,Gladstone,-23.914552,151.347797,Present,Yes,Sand,Boat - Camera,subtidal,1.608070016
21147,November,2017,Gladstone,-23.914398,151.35188,Present,Yes,Sand,Boat - Camera,subtidal,2.676179886
21152,November,2017,Gladstone,-23.911378,151.345612,Present,Yes,Sand,"Boat - Camera, Diver, Grab",subtidal,2.451950073
21145,November,2017,Gladstone,-23.91052,151.341318,Present,Yes,Sand,Helicopter,subtidal,0.791566014
21144,November,2017,Gladstone,-23.908847,151.338042,Present,Yes,Sand,Helicopter,subtidal,0.613290012
21153,November,2017,Gladstone,-23.908238,151.343097,Present,Yes,Sand,Boat - Diver,subtidal,2.602390051
21143,November,2017,Gladstone,-23.90558,151.335657,Present,Yes,Sand,Helicopter,subtidal,0.460799992
21154,November,2017,Gladstone,-23.90542,151.339167,Present,Yes,Sand,Boat - Diver,subtidal,2.858589888
21159,November,2017,Gladstone,-23.903573,151.342575,Present,Yes,Sand,Boat - Diver,subtidal,2.60168004
21142,November,2017,Gladstone,-23.902033,151.333942,Present,Yes,Sand,Helicopter,subtidal,0.460967988
21155,November,2017,Gladstone,-23.901333,151.336852,Present,Yes,Sand,Boat - Diver,subtidal,2.554219961
21156,November,2017,Gladstone,-23.896693,151.334968,Present,Yes,Sand,Boat - Diver,subtidal,2.706350088
22546,November,2017,Gladstone,-23.893918,151.331352,Present,Yes,Sand,Helicopter,intertidal,0
21140,November,2017,Gladstone,-23.88695,151.329493,Present,Yes,Sand,Helicopter,subtidal,0.599157989
24517,November,2017,Gladstone,-23.883262,151.328862,Present,Yes,Sand,Helicopter,subtidal,0.985886991
19990,November,2017,Gladstone,-23.880878,151.317828,Present,Yes,Sand,Helicopter,subtidal,0.563894987
24518,November,2017,Gladstone,-23.880737,151.330662,Present,Yes,Sand,Boat - Diver,subtidal,2.928590059
24516,November,2017,Gladstone,-23.879597,151.327973,Present,Yes,Sand,Helicopter,subtidal,0.667231023
24519,November,2017,Gladstone,-23.879593,151.33265,Present,Yes,Sand,Boat - Grab,subtidal,4.385630131
26839,November,2017,Gladstone,-23.879467,151.325505,Present,Yes,Sand,Helicopter,intertidal,0
20760,November,2017,Gladstone,-23.879453,151.316865,Present,Yes,Mud,Helicopter,intertidal,0
20687,November,2017,Gladstone,-23.879118,151.318633,Present,Yes,Rock,Helicopter,intertidal,0
20688,November,2017,Gladstone,-23.879032,151.320717,Present,Yes,Sand,Helicopter,intertidal,0
19992,November,2017,Gladstone,-23.877983,151.318287,Present,Yes,Mud,Helicopter,subtidal,0.557792008
20613,November,2017,Gladstone,-23.875307,151.321208,Present,Yes,Shell,Helicopter,intertidal,0
26873,November,2017,Gladstone,-23.87496,151.325343,Present,Yes,Sand,Helicopter,intertidal,0
25910,November,2017,Gladstone,-23.874495,151.328393,Present,Yes,Sand,Helicopter,subtidal,0.673515022
30345,November,2017,Gladstone,-23.86633,151.362463,Present,Yes,Sand,"Boat - Camera, Grab",subtidal,0.717850029
29939,November,2017,Gladstone,-23.865078,151.328275,Present,Yes,Sand,Helicopter,subtidal,0.439162999
29537,November,2017,Gladstone,-23.860505,151.326682,Present,Yes,Sand,Helicopter,subtidal,2.305569887
25719,November,2017,Gladstone,-23.858273,151.301083,Present,Yes,Mud,Helicopter,subtidal,1.076009989
29536,November,2017,Gladstone,-23.856973,151.321895,Present,Yes,Sand,Helicopter,subtidal,1.721259952
29535,November,2017,Gladstone,-23.855188,151.319222,Present,Yes,Sand,Helicopter,subtidal,2.739710093
29768,November,2017,Gladstone,-23.853868,151.314797,Present,Yes,Mud,Helicopter,intertidal,0
24578,November,2017,Gladstone,-23.853743,151.293447,Present,Yes,Mud,Helicopter,subtidal,0.890205979
24580,November,2017,Gladstone,-23.853327,151.296887,Present,Yes,Mud,Helicopter,subtidal,0.818844974
24587,November,2017,Gladstone,-23.828715,151.342153,Present,Yes,Sand,Boat - Grab,subtidal,0.576201022
24600,November,2017,Gladstone,-23.82294,151.30245,Present,Yes,Mud,Boat - Diver,subtidal,2.118099928
24655,November,2017,Gladstone,-23.822298,151.297172,Present,Yes,Sand,Helicopter,subtidal,1.382629991
24596,November,2017,Gladstone,-23.822145,151.30698,Present,Yes,Mud,Boat - Diver,subtidal,1.807590008
24653,November,2017,Gladstone,-23.821657,151.294895,Present,Yes,Mud,Helicopter,subtidal,1.140750051
24656,November,2017,Gladstone,-23.819787,151.296525,Present,Yes,Mud,Helicopter,subtidal,1.13369
24601,November,2017,Gladstone,-23.819428,151.303605,Present,Yes,Mud,Boat - Diver,subtidal,1.824550033
24659,November,2017,Gladstone,-23.81921,151.298382,Present,Yes,Mud,Helicopter,subtidal,1.528159976
24657,November,2017,Gladstone,-23.817632,151.294617,Present,Yes,Mud,Helicopter,subtidal,0.836082995
24606,November,2017,Gladstone,-23.81718,151.29836,Present,Yes,Mud,Boat - Diver,subtidal,1.424589992
24658,November,2017,Gladstone,-23.815302,151.294902,Present,Yes,Mud,Helicopter,subtidal,1.070490003
11291,November,2017,Gladstone,-23.813493,151.297612,Present,Yes,Mud,Boat - Diver,subtidal,1.596310019
11323,November,2017,Gladstone,-23.81313,151.291497,Present,Yes,Mud,Helicopter,subtidal,0.594278991
11318,November,2017,Gladstone,-23.812968,151.293612,Present,Yes,Mud,Helicopter,subtidal,0.86413902
11295,November,2017,Gladstone,-23.811695,151.296048,Present,Yes,Mud,Boat - Diver,subtidal,1.639940023
11310,November,2017,Gladstone,-23.810707,151.290573,Present,Yes,Mud,Helicopter,subtidal,0.610750973
11319,November,2017,Gladstone,-23.81054,151.292813,Present,Yes,Mud,Helicopter,subtidal,1.112259984
11292,November,2017,Gladstone,-23.810392,151.298385,Present,Yes,Mud,Boat - Diver,subtidal,1.757670045
11294,November,2017,Gladstone,-23.80883,151.296395,Present,Yes,Mud,Boat - Diver,subtidal,1.662170053
11311,November,2017,Gladstone,-23.808658,151.28949,Present,Yes,Mud,Helicopter,subtidal,0.363512993
11320,November,2017,Gladstone,-23.808228,151.291897,Present,Yes,Mud,Helicopter,subtidal,1.46566999
11296,November,2017,Gladstone,-23.807135,151.294293,Present,Yes,Mud,Boat - Diver,subtidal,1.502460003
11321,November,2017,Gladstone,-23.805585,151.290938,Present,Yes,Mud,Helicopter,subtidal,1.215420008
11315,November,2017,Gladstone,-23.805187,151.288928,Present,Yes,Mud,Helicopter,subtidal,0
11298,November,2017,Gladstone,-23.804883,151.292813,Present,Yes,Mud,Boat - Diver,subtidal,1.436959982
11303,November,2017,Gladstone,-23.803408,151.293465,Present,Yes,Mud,Boat - Diver,subtidal,2.105690002
11322,November,2017,Gladstone,-23.803212,151.28926,Present,Yes,Mud,Helicopter,subtidal,0.949934006
11299,November,2017,Gladstone,-23.80231,151.290827,Present,Yes,Mud,Boat - Diver,subtidal,1.365560055
11314,November,2017,Gladstone,-23.801985,151.30017,Present,Yes,Mud,Helicopter,subtidal,1.218189955
24632,November,2017,Gladstone,-23.80137,151.307012,Present,Yes,Mud,Helicopter,subtidal,1.412870049
11316,November,2017,Gladstone,-23.800613,151.303928,Present,Yes,Mud,Helicopter,subtidal,1.218050003
11307,November,2017,Gladstone,-23.800535,151.29612,Present,Yes,Mud,Boat - Diver,subtidal,1.372419953
11300,November,2017,Gladstone,-23.800372,151.28832,Present,Yes,Mud,Boat - Diver,subtidal,1.613800049
24634,November,2017,Gladstone,-23.797402,151.30701,Present,Yes,Mud,Helicopter,subtidal,1.052710056
11317,November,2017,Gladstone,-23.796258,151.305175,Present,Yes,Mud,Helicopter,subtidal,0.770972013
11327,November,2017,Gladstone,-23.795868,151.301595,Present,Yes,Mud,Helicopter,subtidal,1.198130012
24635,November,2017,Gladstone,-23.795095,151.307572,Present,Yes,Mud,Helicopter,subtidal,0.858614028
24633,November,2017,Gladstone,-23.794945,151.302522,Present,Yes,Mud,Helicopter,subtidal,0.729152977
25302,November,2017,Gladstone,-23.792533,151.289797,Present,Yes,Mud,Helicopter,intertidal,0
24636,November,2017,Gladstone,-23.792315,151.3039,Present,Yes,Mud,Helicopter,subtidal,0.627237976
24568,November,2017,Gladstone,-23.791848,151.291255,Present,Yes,Mud,Helicopter,subtidal,0.580698013
24638,November,2017,Gladstone,-23.791377,151.30647,Present,Yes,Mud,Helicopter,subtidal,0.530516028
24639,November,2017,Gladstone,-23.791247,151.308475,Present,Yes,Mud,Helicopter,subtidal,0.786167979
24637,November,2017,Gladstone,-23.790238,151.304532,Present,Yes,Mud,Helicopter,subtidal,0.728394985
25280,November,2017,Gladstone,-23.790173,151.288217,Present,Yes,Mud,Helicopter,intertidal,0
24643,November,2017,Gladstone,-23.789375,151.314272,Present,Yes,Mud,Helicopter,subtidal,0.840057015
24567,November,2017,Gladstone,-23.787067,151.301793,Present,Yes,Mud,Helicopter,subtidal,0.806729972
24642,November,2017,Gladstone,-23.786968,151.31304,Present,Yes,Mud,Helicopter,subtidal,0.836190999
24641,November,2017,Gladstone,-23.78695,151.309395,Present,Yes,Mud,Helicopter,subtidal,0.810458004
25277,November,2017,Gladstone,-23.78633,151.289595,Present,Yes,Sand,Helicopter,intertidal,0
24647,November,2017,Gladstone,-23.785012,151.314553,Present,Yes,Mud,Helicopter,subtidal,0.863210022
24623,November,2017,Gladstone,-23.784558,151.311263,Present,Yes,Mud,Boat - Diver,subtidal,1.608710051
24624,November,2017,Gladstone,-23.782742,151.314653,Present,Yes,Sand,Boat - Diver,subtidal,1.322170019
24644,November,2017,Gladstone,-23.782585,151.316112,Present,Yes,Mud,Helicopter,subtidal,0.972606003
24646,November,2017,Gladstone,-23.781013,151.319928,Present,Yes,Mud,Helicopter,subtidal,1.10247004
24552,November,2017,Gladstone,-23.779463,151.300032,Present,Yes,Mud,Helicopter,subtidal,0.978177011
24553,November,2017,Gladstone,-23.777732,151.303988,Present,Yes,Mud,Helicopter,subtidal,1.406530023
24554,November,2017,Gladstone,-23.776732,151.306298,Present,Yes,Mud,Helicopter,subtidal,0.905323029
24556,November,2017,Gladstone,-23.776,151.298075,Present,Yes,Mud,Helicopter,subtidal,0.744993985
24627,November,2017,Gladstone,-23.775092,151.313937,Present,Yes,Sand,Boat - Diver,subtidal,1.453310013
24673,November,2017,Gladstone,-23.774942,151.312773,Present,Yes,Sand,Boat - Diver,subtidal,1.368180037
24558,November,2017,Gladstone,-23.773955,151.305657,Present,Yes,Mud,Helicopter,subtidal,0.540702999
24827,November,2017,Gladstone,-23.76633,151.331617,Present,Yes,Sand,Helicopter,intertidal,0
21237,November,2018,Gladstone,-23.93372,151.35663,Present,Yes,Sand,Boat - Camera,subtidal,2.984730005
21242,November,2018,Gladstone,-23.93191,151.35555,Present,Yes,Sand,Helicopter,subtidal,1.148900032
21240,November,2018,Gladstone,-23.93058,151.35827,Present,Yes,Sand,Boat - Camera,subtidal,0.900801003
21476,November,2018,Gladstone,-23.92711,151.35413,Present,Yes,Rock,Helicopter,subtidal,0.626561999
21470,November,2018,Gladstone,-23.92625,151.35841,Present,Yes,Sand,Boat - Camera,subtidal,0.722064018
22591,November,2018,Gladstone,-23.92382,151.35236,Present,Yes,Sand,Helicopter,intertidal,0
22654,November,2018,Gladstone,-23.92066,151.34871,Present,Yes,Sand,Helicopter,intertidal,0
21475,November,2018,Gladstone,-23.91686,151.34672,Present,Yes,Sand,Helicopter,subtidal,0.814350009
21167,November,2018,Gladstone,-23.91479,151.3522,Present,Yes,Sand,Boat - Camera,subtidal,2.621490002
21168,November,2018,Gladstone,-23.91461,151.34902,Present,Yes,Sand,Boat - Camera,subtidal,1.949550033
21171,November,2018,Gladstone,-23.91227,151.35018,Present,Yes,Sand,Boat - Camera,subtidal,2.375969887
21176,November,2018,Gladstone,-23.90936,151.34198,Present,Yes,Sand,Boat - Camera,subtidal,2.181080103
21189,November,2018,Gladstone,-23.90925,151.33929,Present,Yes,Sand,Helicopter,subtidal,0.84890902
21175,November,2018,Gladstone,-23.90741,151.3442,Present,Yes,Sand,Boat - Camera,subtidal,2.831799984
21178,November,2018,Gladstone,-23.90349,151.34132,Present,Yes,Sand,Boat - Camera,subtidal,2.001290083
21181,November,2018,Gladstone,-23.89943,151.33816,Present,Yes,Sand,Boat - Camera,subtidal,2.905149937
21190,November,2018,Gladstone,-23.89301,151.33158,Present,Yes,Sand,Helicopter,subtidal,0.873932004
21187,November,2018,Gladstone,-23.88916,151.33191,Present,Yes,Sand,Boat - Camera,subtidal,3.254810095
26874,November,2018,Gladstone,-23.88333,151.32663,Present,Yes,Sand,Helicopter,intertidal,0
24742,November,2018,Gladstone,-23.8833,151.33006,Present,Yes,Sand,Boat - Camera,subtidal,2.91711998
30515,November,2018,Gladstone,-23.87918,151.37301,Present,Yes,Rock,Boat - Camera,subtidal,0.268128991
26875,November,2018,Gladstone,-23.87852,151.32614,Present,Yes,Sand,Helicopter,intertidal,0
20692,November,2018,Gladstone,-23.87795,151.31948,Present,Yes,Mud,Helicopter,intertidal,0
24745,November,2018,Gladstone,-23.87747,151.32957,Present,Yes,Sand,Boat - Camera,subtidal,2.449980021
20640,November,2018,Gladstone,-23.87685,151.31956,Present,Yes,Rock,Helicopter,intertidal,0
20612,November,2018,Gladstone,-23.87586,151.32098,Present,Yes,Shell,Helicopter,intertidal,0
26855,November,2018,Gladstone,-23.87529,151.32697,Present,Yes,Sand,Helicopter,intertidal,0
26830,November,2018,Gladstone,-23.87498,151.32484,Present,Yes,Sand,Helicopter,intertidal,0
20602,November,2018,Gladstone,-23.87476,151.31892,Present,Yes,Mud,Helicopter,intertidal,0
24746,November,2018,Gladstone,-23.87421,151.33035,Present,Yes,Sand,Boat - Camera,subtidal,2.666589975
20579,November,2018,Gladstone,-23.87362,151.32054,Present,Yes,Shell,Helicopter,intertidal,0
25726,November,2018,Gladstone,-23.87188,151.32537,Present,Yes,Sand,Boat - Camera,subtidal,1.631989956
25724,November,2018,Gladstone,-23.87167,151.32486,Present,Yes,Mud,Helicopter,subtidal,1.164829969
26783,November,2018,Gladstone,-23.86983,151.32475,Present,Yes,Sand,Helicopter,intertidal,0
30148,November,2018,Gladstone,-23.86833,151.32041,Present,Yes,Sand,Helicopter,intertidal,0
30191,November,2018,Gladstone,-23.86715,151.32442,Present,Yes,Sand,Helicopter,intertidal,0
30350,November,2018,Gladstone,-23.86702,151.36303,Present,Yes,Sand,Boat - Camera,subtidal,0.971843004
29941,November,2018,Gladstone,-23.86671,151.3275,Present,Yes,Mud,Helicopter,subtidal,0.487177998
29948,November,2018,Gladstone,-23.86524,151.32913,Present,Yes,Mud,Helicopter,subtidal,0.573216021
30192,November,2018,Gladstone,-23.86388,151.32397,Present,Yes,Sand,Helicopter,intertidal,0
27276,November,2018,Gladstone,-23.86364,151.36231,Present,Yes,Sand,Boat - Camera,subtidal,0.583660007
30147,November,2018,Gladstone,-23.86237,151.32192,Present,Yes,Sand,Helicopter,intertidal,0
29553,November,2018,Gladstone,-23.86077,151.32712,Present,Yes,Sand,Helicopter,subtidal,2.806829929
24716,November,2018,Gladstone,-23.81918,151.29827,Present,Yes,Sand,Helicopter,subtidal,1.528159976
24767,November,2018,Gladstone,-23.81648,151.29493,Present,Yes,Sand,Helicopter,subtidal,0.760433972
24717,November,2018,Gladstone,-23.81589,151.29927,Present,Yes,Mud,Helicopter,subtidal,1.364940047
11459,November,2018,Gladstone,-23.81487,151.29227,Present,Yes,Sand,Helicopter,subtidal,0.460821986
11427,November,2018,Gladstone,-23.81347,151.29623,Present,Yes,Sand,Helicopter,subtidal,1.341940045
11466,November,2018,Gladstone,-23.81185,151.29258,Present,Yes,Sand,Helicopter,subtidal,0.957805991
11428,November,2018,Gladstone,-23.81127,151.29538,Present,Yes,Mud,Helicopter,subtidal,1.505710006
11460,November,2018,Gladstone,-23.81113,151.29047,Present,Yes,Mud,Helicopter,subtidal,0.63182199
11429,November,2018,Gladstone,-23.80806,151.29294,Present,Yes,Mud,Helicopter,subtidal,1.451859951
11465,November,2018,Gladstone,-23.80802,151.29003,Present,Yes,Sand,Helicopter,subtidal,0.772725999
11430,November,2018,Gladstone,-23.80427,151.29203,Present,Yes,Mud,Helicopter,subtidal,1.413599968
11444,November,2018,Gladstone,-23.8031,151.29963,Present,Yes,Mud,Helicopter,subtidal,1.324169993
11445,November,2018,Gladstone,-23.80183,151.30355,Present,Yes,Mud,Helicopter,subtidal,1.471279979
11431,November,2018,Gladstone,-23.80132,151.28961,Present,Yes,Mud,Helicopter,subtidal,1.428509951
11432,November,2018,Gladstone,-23.80006,151.28665,Present,Yes,Rock,Helicopter,subtidal,1.440999985
11443,November,2018,Gladstone,-23.7999,151.29693,Present,Yes,Sand,Helicopter,subtidal,1.325440049
24708,November,2018,Gladstone,-23.79631,151.28647,Present,Yes,Mud,Helicopter,subtidal,0.832777023
11447,November,2018,Gladstone,-23.79581,151.30176,Present,Yes,Mud,Helicopter,subtidal,1.198130012
24707,November,2018,Gladstone,-23.79515,151.28862,Present,Yes,Sand,Helicopter,subtidal,1.126600027
24696,November,2018,Gladstone,-23.79231,151.29837,Present,Yes,Mud,Helicopter,subtidal,0.923267007
24703,November,2018,Gladstone,-23.79105,151.29428,Present,Yes,Mud,Helicopter,subtidal,0.776636004
25283,November,2018,Gladstone,-23.79033,151.28902,Present,Yes,Mud,Helicopter,intertidal,0
24697,November,2018,Gladstone,-23.78996,151.29839,Present,Yes,Mud,Helicopter,subtidal,0.680392027
24689,November,2018,Gladstone,-23.78934,151.30058,Present,Yes,Sand,Helicopter,subtidal,0.812561989
24690,November,2018,Gladstone,-23.78718,151.30078,Present,Yes,Mud,Helicopter,subtidal,0.620589018
24704,November,2018,Gladstone,-23.78444,151.29355,Present,Yes,Mud,Helicopter,subtidal,0.582625985
24691,November,2018,Gladstone,-23.78372,151.30052,Present,Yes,Mud,Helicopter,subtidal,0.702817976
24698,November,2018,Gladstone,-23.78029,151.29775,Present,Yes,Mud,Helicopter,subtidal,0.668259978
27290,November,2018,Gladstone,-23.77673,151.317,Present,Yes,Mud,Boat - Camera,subtidal,1.97013998
24808,November,2018,Gladstone,-23.77381,151.31484,Present,Yes,Mud,Boat - Camera,subtidal,1.729230046
24765,November,2018,Gladstone,-23.7733,151.31848,Present,Yes,Sand,Helicopter,subtidal,0.546720028
